--
-- PostgreSQL database dump
--

\restrict wNLhFnwOoIyHvJwNIxs3gY7f7ftnlavwNjHzg7xAf6cMqAqGB3qcr8g1dVDdJkg

-- Dumped from database version 18.0 (Debian 18.0-1.pgdg13+3)
-- Dumped by pg_dump version 18.0 (Debian 18.0-1.pgdg13+3)

-- Started on 2025-10-19 18:25:37 UTC

SET statement_timeout = 0;
SET lock_timeout = 0;
SET idle_in_transaction_session_timeout = 0;
SET transaction_timeout = 0;
SET client_encoding = 'UTF8';
SET standard_conforming_strings = on;
SELECT pg_catalog.set_config('search_path', '', false);
SET check_function_bodies = false;
SET xmloption = content;
SET client_min_messages = warning;
SET row_security = off;

DROP DATABASE IF EXISTS postgres;
--
-- TOC entry 3528 (class 1262 OID 5)
-- Name: postgres; Type: DATABASE; Schema: -; Owner: postgres
--

CREATE DATABASE postgres WITH TEMPLATE = template0 ENCODING = 'UTF8' LOCALE_PROVIDER = libc LOCALE = 'en_US.utf8';


ALTER DATABASE postgres OWNER TO postgres;

\unrestrict wNLhFnwOoIyHvJwNIxs3gY7f7ftnlavwNjHzg7xAf6cMqAqGB3qcr8g1dVDdJkg
\connect postgres
\restrict wNLhFnwOoIyHvJwNIxs3gY7f7ftnlavwNjHzg7xAf6cMqAqGB3qcr8g1dVDdJkg

SET statement_timeout = 0;
SET lock_timeout = 0;
SET idle_in_transaction_session_timeout = 0;
SET transaction_timeout = 0;
SET client_encoding = 'UTF8';
SET standard_conforming_strings = on;
SELECT pg_catalog.set_config('search_path', '', false);
SET check_function_bodies = false;
SET xmloption = content;
SET client_min_messages = warning;
SET row_security = off;

--
-- TOC entry 3529 (class 0 OID 0)
-- Dependencies: 3528
-- Name: DATABASE postgres; Type: COMMENT; Schema: -; Owner: postgres
--

COMMENT ON DATABASE postgres IS 'default administrative connection database';


--
-- TOC entry 862 (class 1247 OID 17356)
-- Name: bicycletype; Type: TYPE; Schema: public; Owner: postgres
--

CREATE TYPE public.bicycletype AS ENUM (
    'MOUNTAIN',
    'CITY',
    'ROAD',
    'ELECTRIC'
);


ALTER TYPE public.bicycletype OWNER TO postgres;

--
-- TOC entry 865 (class 1247 OID 17366)
-- Name: status; Type: TYPE; Schema: public; Owner: postgres
--

CREATE TYPE public.status AS ENUM (
    'AVAILABLE',
    'RENTED',
    'MAINTENANCE',
    'BROKEN',
    'NOT_AVAILABLE'
);


ALTER TYPE public.status OWNER TO postgres;

--
-- TOC entry 874 (class 1247 OID 17412)
-- Name: type; Type: TYPE; Schema: public; Owner: postgres
--

CREATE TYPE public.type AS ENUM (
    'TIRE',
    'BRAKE',
    'SHIFT',
    'CHAIN',
    'SPROCKET',
    'CRANK',
    'PEDAL',
    'FRAME',
    'OTHER'
);


ALTER TYPE public.type OWNER TO postgres;

SET default_tablespace = '';

SET default_table_access_method = heap;

--
-- TOC entry 219 (class 1259 OID 17349)
-- Name: alembic_version; Type: TABLE; Schema: public; Owner: postgres
--

CREATE TABLE public.alembic_version (
    version_num character varying(32) NOT NULL
);


ALTER TABLE public.alembic_version OWNER TO postgres;

--
-- TOC entry 220 (class 1259 OID 17377)
-- Name: bicycle; Type: TABLE; Schema: public; Owner: postgres
--

CREATE TABLE public.bicycle (
    id uuid NOT NULL,
    brand character varying(50) NOT NULL,
    type public.bicycletype NOT NULL,
    status public.status NOT NULL,
    rent_price double precision NOT NULL,
    created timestamp without time zone NOT NULL,
    updated timestamp without time zone NOT NULL
);


ALTER TABLE public.bicycle OWNER TO postgres;

--
-- TOC entry 221 (class 1259 OID 17390)
-- Name: client; Type: TABLE; Schema: public; Owner: postgres
--

CREATE TABLE public.client (
    id uuid NOT NULL,
    name character varying(50) NOT NULL,
    passport character varying(50) NOT NULL,
    phone character varying(50) NOT NULL,
    country character varying(50) NOT NULL,
    city character varying(50) NOT NULL,
    address character varying(50) NOT NULL,
    email character varying(50),
    created timestamp without time zone NOT NULL,
    updated timestamp without time zone NOT NULL
);


ALTER TABLE public.client OWNER TO postgres;

--
-- TOC entry 222 (class 1259 OID 17431)
-- Name: detail; Type: TABLE; Schema: public; Owner: postgres
--

CREATE TABLE public.detail (
    id uuid NOT NULL,
    brand character varying(50) NOT NULL,
    type public.type NOT NULL,
    name character varying(50) NOT NULL,
    price double precision NOT NULL,
    in_stock boolean NOT NULL,
    created timestamp without time zone NOT NULL,
    updated timestamp without time zone NOT NULL
);


ALTER TABLE public.detail OWNER TO postgres;

--
-- TOC entry 224 (class 1259 OID 17467)
-- Name: detail_for_bicycle; Type: TABLE; Schema: public; Owner: postgres
--

CREATE TABLE public.detail_for_bicycle (
    id uuid NOT NULL,
    bicycle_id uuid NOT NULL,
    detail_id uuid NOT NULL
);


ALTER TABLE public.detail_for_bicycle OWNER TO postgres;

--
-- TOC entry 225 (class 1259 OID 17486)
-- Name: rent_book; Type: TABLE; Schema: public; Owner: postgres
--

CREATE TABLE public.rent_book (
    id uuid NOT NULL,
    "time" integer NOT NULL,
    paid boolean NOT NULL,
    bicycle_id uuid NOT NULL,
    client_id uuid NOT NULL,
    staff_id uuid NOT NULL,
    created timestamp without time zone NOT NULL,
    updated timestamp without time zone NOT NULL
);


ALTER TABLE public.rent_book OWNER TO postgres;

--
-- TOC entry 226 (class 1259 OID 17515)
-- Name: service_book; Type: TABLE; Schema: public; Owner: postgres
--

CREATE TABLE public.service_book (
    id uuid NOT NULL,
    bicycle_id uuid NOT NULL,
    detail_id uuid NOT NULL,
    price double precision NOT NULL,
    staff_id uuid NOT NULL,
    created timestamp without time zone NOT NULL,
    updated timestamp without time zone NOT NULL
);


ALTER TABLE public.service_book OWNER TO postgres;

--
-- TOC entry 223 (class 1259 OID 17445)
-- Name: staff; Type: TABLE; Schema: public; Owner: postgres
--

CREATE TABLE public.staff (
    id uuid NOT NULL,
    name character varying(50) NOT NULL,
    country character varying(50) NOT NULL,
    city character varying(50) NOT NULL,
    address character varying(50) NOT NULL,
    email character varying(50),
    passport character varying(50) NOT NULL,
    phone character varying(50) NOT NULL,
    salary double precision NOT NULL,
    created timestamp without time zone NOT NULL,
    updated timestamp without time zone NOT NULL
);


ALTER TABLE public.staff OWNER TO postgres;

--
-- TOC entry 3515 (class 0 OID 17349)
-- Dependencies: 219
-- Data for Name: alembic_version; Type: TABLE DATA; Schema: public; Owner: postgres
--

COPY public.alembic_version (version_num) FROM stdin;
896ebb62979d
\.


--
-- TOC entry 3516 (class 0 OID 17377)
-- Dependencies: 220
-- Data for Name: bicycle; Type: TABLE DATA; Schema: public; Owner: postgres
--

COPY public.bicycle (id, brand, type, status, rent_price, created, updated) FROM stdin;
b006f796-e291-4f0d-b080-d0f7d32744bd	ServiceBike	ROAD	AVAILABLE	400	2025-10-19 20:38:51.744225	2025-10-19 20:38:51.744225
f091c845-9d32-4a1f-9baa-5f369e5f8b53	Bike_1	MOUNTAIN	AVAILABLE	100	2025-10-19 20:46:25.06331	2025-10-19 20:46:25.06331
d1e5fbfe-9ca2-412c-81bd-2e532e0ba188	Bike_2	MOUNTAIN	AVAILABLE	150	2025-10-19 20:46:25.06331	2025-10-19 20:46:25.06331
b0092dec-5fa0-40a7-836c-7fd9a5c0d436	Bike_3	MOUNTAIN	AVAILABLE	200	2025-10-19 20:46:25.06331	2025-10-19 20:46:25.06331
fe245c5e-98de-42ee-8cd5-081d0b867f38	Bike_4	MOUNTAIN	AVAILABLE	250	2025-10-19 20:46:25.06331	2025-10-19 20:46:25.06331
85d8aedb-4aa2-4d74-bffb-21acc4906284	Bike_5	MOUNTAIN	AVAILABLE	300	2025-10-19 20:46:25.06331	2025-10-19 20:46:25.06331
1cc79ce0-477a-4177-9892-666d403466fc	Bike_6	MOUNTAIN	AVAILABLE	350	2025-10-19 20:46:25.06331	2025-10-19 20:46:25.06331
6ef1cb2b-c00f-436f-8a38-3653cae93e2f	Bike_7	MOUNTAIN	AVAILABLE	400	2025-10-19 20:46:25.06331	2025-10-19 20:46:25.06331
d2ba828b-9207-46b2-94c1-db0bae487132	Bike_8	MOUNTAIN	AVAILABLE	450	2025-10-19 20:46:25.06331	2025-10-19 20:46:25.06331
301e5636-75fa-46c8-8bc0-6a8eee9f0b29	Bike_9	MOUNTAIN	AVAILABLE	500	2025-10-19 20:46:25.06331	2025-10-19 20:46:25.06331
66bd83fb-632d-451d-91c8-b0d494175716	Bike_10	MOUNTAIN	AVAILABLE	550	2025-10-19 20:46:25.06331	2025-10-19 20:46:25.06331
0227c192-a76a-4f9c-94ec-8a5c002d732e	Bike_10	MOUNTAIN	RENTED	1300	2025-10-19 20:38:51.517339	2025-10-19 20:38:51.517339
1311c4a6-9f18-4d1f-aadb-ad62175b8a78	Bike_7	MOUNTAIN	RENTED	1000	2025-10-19 20:38:51.517339	2025-10-19 20:38:51.517339
884fa3b5-528f-4b20-a7b1-bc5aebfe5e0a	Bike_8	MOUNTAIN	RENTED	1100	2025-10-19 20:38:51.517339	2025-10-19 20:38:51.517339
a9af7c23-4805-4b5d-8c28-6248cff66876	Bike_9	MOUNTAIN	RENTED	1200	2025-10-19 20:38:51.517339	2025-10-19 20:38:51.517339
8c7934e2-6999-4cf4-ac87-92b3f80df70e	TestBike	MOUNTAIN	AVAILABLE	500	2025-10-19 20:46:25.805803	2025-10-19 20:46:25.805803
1a561634-09b0-4be6-9b4b-c4b1be2cbf92	RentBike	CITY	AVAILABLE	300	2025-10-19 20:46:25.846906	2025-10-19 20:46:25.846906
6fdaa473-2ef2-4be0-9b35-244515ae4e04	ServiceBike	ROAD	AVAILABLE	400	2025-10-19 20:22:11.242322	2025-10-19 20:22:11.242322
0198057d-9b79-4b6c-90e6-c9257017ba02	Bike_1	MOUNTAIN	AVAILABLE	100	2025-10-19 20:23:08.214001	2025-10-19 20:23:08.214001
4d5f0b5e-ba47-4fc6-bd03-ed5f3202ace7	ServiceBike	ROAD	AVAILABLE	400	2025-10-19 20:46:25.909889	2025-10-19 20:46:25.909889
9a47e4e4-ea53-451d-8ee0-e5da74062a82	Bike_1	MOUNTAIN	AVAILABLE	100	2025-10-19 20:48:12.250895	2025-10-19 20:48:12.250895
9c8a6964-d2a4-4820-a40e-932e6af03df3	Bike_2	MOUNTAIN	AVAILABLE	150	2025-10-19 20:48:12.250895	2025-10-19 20:48:12.250895
b1c3549e-fe96-4e6b-abe3-3c4ff755ac24	Bike_3	MOUNTAIN	AVAILABLE	200	2025-10-19 20:48:12.250895	2025-10-19 20:48:12.250895
11f83f04-2c95-4750-9679-2aac0d40d252	Bike_4	MOUNTAIN	AVAILABLE	250	2025-10-19 20:48:12.250895	2025-10-19 20:48:12.250895
546ba01d-ef0c-4f24-8b9c-8dce4893cbe8	Bike_5	MOUNTAIN	AVAILABLE	300	2025-10-19 20:48:12.250895	2025-10-19 20:48:12.250895
ad4a2ce3-10a5-47e5-a1a2-89ea0c861e6d	Bike_6	MOUNTAIN	AVAILABLE	350	2025-10-19 20:48:12.250895	2025-10-19 20:48:12.250895
ec9edfd0-9053-4e81-8edf-f85a2edffb69	Bike_7	MOUNTAIN	AVAILABLE	400	2025-10-19 20:48:12.250895	2025-10-19 20:48:12.250895
ec049881-2c75-4dbf-b59d-a16fe186264a	Bike_8	MOUNTAIN	AVAILABLE	450	2025-10-19 20:48:12.250895	2025-10-19 20:48:12.250895
9d51b3da-8150-40a8-b5b6-b9548d21c597	Bike_9	MOUNTAIN	AVAILABLE	500	2025-10-19 20:48:12.250895	2025-10-19 20:48:12.250895
a171fe4f-fca4-4dce-8cf6-15edefe99ab1	Bike_10	MOUNTAIN	AVAILABLE	550	2025-10-19 20:48:12.250895	2025-10-19 20:48:12.250895
0a960188-bd55-4e1c-b699-0e4693c7910d	Bike_2	MOUNTAIN	RENTED	1200	2025-10-19 20:38:51.517339	2025-10-19 20:38:51.517339
0b4883b8-c481-4dd3-bfcb-f5c69510652b	Bike_3	MOUNTAIN	RENTED	1300	2025-10-19 20:38:51.517339	2025-10-19 20:38:51.517339
713526d1-4c06-4c13-bea1-b66cee25c87e	TestBike	MOUNTAIN	AVAILABLE	500	2025-10-19 20:48:12.398584	2025-10-19 20:48:12.398584
6f0affce-b40e-4ae2-be9d-e52b7f464ff5	RentBike	CITY	AVAILABLE	300	2025-10-19 20:48:12.440342	2025-10-19 20:48:12.440342
9a635708-afad-4937-bd1c-ffac26e57c3c	ServiceBike	ROAD	AVAILABLE	400	2025-10-19 20:48:12.501595	2025-10-19 20:48:12.501595
d2ef986d-83c1-49da-88ba-6ecdf83e3fbf	Bike_1	MOUNTAIN	AVAILABLE	100	2025-10-19 18:13:44.50488	2025-10-19 18:13:44.50488
38f755b9-28af-498f-877d-9b2dd89f1ace	Bike_2	MOUNTAIN	AVAILABLE	150	2025-10-19 18:13:44.50488	2025-10-19 18:13:44.50488
f417e651-2a89-4c25-b58e-1e79f8ef1d57	Bike_3	MOUNTAIN	AVAILABLE	200	2025-10-19 18:13:44.50488	2025-10-19 18:13:44.50488
bded4354-9fc9-41f6-b185-72b386d8fcf2	Bike_4	MOUNTAIN	AVAILABLE	250	2025-10-19 18:13:44.50488	2025-10-19 18:13:44.50488
d394fe47-c461-49d4-90ee-6eee07b8e270	Bike_5	MOUNTAIN	AVAILABLE	300	2025-10-19 18:13:44.50488	2025-10-19 18:13:44.50488
c7c3178b-4653-4c66-8d15-f16c181b80ae	Bike_6	MOUNTAIN	AVAILABLE	350	2025-10-19 18:13:44.50488	2025-10-19 18:13:44.50488
84ad8c27-6063-4dd4-b75b-668b5670f899	Bike_7	MOUNTAIN	AVAILABLE	400	2025-10-19 18:13:44.50488	2025-10-19 18:13:44.50488
82074b43-f2be-4887-8c06-9fca75f6573c	Bike_8	MOUNTAIN	AVAILABLE	450	2025-10-19 18:13:44.50488	2025-10-19 18:13:44.50488
3e81f07c-deb3-451b-b39d-9ab42e6f6fe4	Bike_9	MOUNTAIN	AVAILABLE	500	2025-10-19 18:13:44.50488	2025-10-19 18:13:44.50488
d1feb24b-fb15-4148-a34f-d409a1ba8d1d	Bike_10	MOUNTAIN	AVAILABLE	550	2025-10-19 18:13:44.50488	2025-10-19 18:13:44.50488
5433ab2c-8da5-487f-9553-f22f39041fc8	Bike_2	MOUNTAIN	AVAILABLE	150	2025-10-19 18:15:51.337346	2025-10-19 18:15:51.337346
7d5cbc0b-f6d9-410d-9592-7b7d0a71f1fb	Bike_3	MOUNTAIN	AVAILABLE	200	2025-10-19 18:15:51.337346	2025-10-19 18:15:51.337346
f52e25d8-bda0-44e6-a783-c1228bc963bf	Bike_4	MOUNTAIN	AVAILABLE	250	2025-10-19 18:15:51.337346	2025-10-19 18:15:51.337346
68c2371a-f2e5-421a-94ab-c0e471feadfb	Bike_5	MOUNTAIN	AVAILABLE	300	2025-10-19 18:15:51.337346	2025-10-19 18:15:51.337346
833314b7-b2cb-45c2-94f8-6b310aecb0d8	Bike_6	MOUNTAIN	AVAILABLE	350	2025-10-19 18:15:51.337346	2025-10-19 18:15:51.337346
998948ed-3974-409d-a9d6-5a908afa4764	Bike_7	MOUNTAIN	AVAILABLE	400	2025-10-19 18:15:51.337346	2025-10-19 18:15:51.337346
a5aa2724-8145-4fbb-9088-203286e36e37	Bike_8	MOUNTAIN	AVAILABLE	450	2025-10-19 18:15:51.337346	2025-10-19 18:15:51.337346
70ef8958-87e5-4282-9726-cdf0bc0ca4f4	Bike_9	MOUNTAIN	AVAILABLE	500	2025-10-19 18:15:51.337346	2025-10-19 18:15:51.337346
9cf9bb1c-aa1a-4a98-9996-4a216a8be788	Bike_10	MOUNTAIN	AVAILABLE	550	2025-10-19 18:15:51.337346	2025-10-19 18:15:51.337346
6aa607a1-398e-4bf1-949c-cd071e40b040	Bike_1	MOUNTAIN	RENTED	1100	2025-10-19 18:15:51.337346	2025-10-19 18:15:51.337346
e119435a-a059-4fc9-aef8-0848034b03a0	Bike_2	MOUNTAIN	AVAILABLE	150	2025-10-19 20:20:05.575073	2025-10-19 20:20:05.575073
c456ed25-703b-423a-bad9-8fe9877b11f3	Bike_3	MOUNTAIN	AVAILABLE	200	2025-10-19 20:20:05.575073	2025-10-19 20:20:05.575073
955ac7ab-847c-4967-ae8c-9f897157001a	Bike_4	MOUNTAIN	AVAILABLE	250	2025-10-19 20:20:05.575073	2025-10-19 20:20:05.575073
1d89b5b0-8709-43a9-9648-6f4d4ca0a506	Bike_5	MOUNTAIN	AVAILABLE	300	2025-10-19 20:20:05.575073	2025-10-19 20:20:05.575073
87c3eff2-801a-491b-86e5-e1e6a43f0d26	Bike_6	MOUNTAIN	AVAILABLE	350	2025-10-19 20:20:05.575073	2025-10-19 20:20:05.575073
0fd7cb6d-2522-470f-849a-9d082af61669	Bike_7	MOUNTAIN	AVAILABLE	400	2025-10-19 20:20:05.575073	2025-10-19 20:20:05.575073
34c714a5-1074-4913-9dde-b267194c4209	Bike_8	MOUNTAIN	AVAILABLE	450	2025-10-19 20:20:05.575073	2025-10-19 20:20:05.575073
a034d8e1-63fe-4e33-a979-85c3b33235f0	Bike_9	MOUNTAIN	AVAILABLE	500	2025-10-19 20:20:05.575073	2025-10-19 20:20:05.575073
c55685b7-4e4d-4a1e-a5b1-f4dec1e50c13	Bike_10	MOUNTAIN	AVAILABLE	550	2025-10-19 20:20:05.575073	2025-10-19 20:20:05.575073
478183d8-899c-48c8-af3b-47ad00996509	Bike_1	MOUNTAIN	RENTED	1300	2025-10-19 20:20:05.575073	2025-10-19 20:20:05.575073
dbe59c3e-e286-454d-9118-9c5db842414e	TestBike	MOUNTAIN	AVAILABLE	500	2025-10-19 20:20:06.272619	2025-10-19 20:20:06.272619
50519f00-f200-4c2a-97b5-88aa78d7b699	RentBike	CITY	AVAILABLE	300	2025-10-19 20:20:06.31334	2025-10-19 20:20:06.31334
3b294246-4857-41ad-aa06-f0858a49ee47	ServiceBike	ROAD	AVAILABLE	400	2025-10-19 20:20:06.371621	2025-10-19 20:20:06.371621
41c252f2-09c7-487a-bf72-656807b61b72	Bike_1	MOUNTAIN	AVAILABLE	100	2025-10-19 20:22:09.97367	2025-10-19 20:22:09.97367
50c3f397-d788-4e54-9e6f-a8be5897e2ca	Bike_2	MOUNTAIN	AVAILABLE	150	2025-10-19 20:22:09.97367	2025-10-19 20:22:09.97367
95b6ff52-be20-4a71-aa2b-9972a457c4e6	Bike_3	MOUNTAIN	AVAILABLE	200	2025-10-19 20:22:09.97367	2025-10-19 20:22:09.97367
e9b2ae1e-023f-430f-965c-f9a08d77af03	Bike_4	MOUNTAIN	AVAILABLE	250	2025-10-19 20:22:09.97367	2025-10-19 20:22:09.97367
ff776f7e-5b88-4339-b4b8-1700dc673591	Bike_5	MOUNTAIN	AVAILABLE	300	2025-10-19 20:22:09.97367	2025-10-19 20:22:09.97367
5bb66267-1e82-4b7c-ab40-fa322dcd2ebd	Bike_6	MOUNTAIN	AVAILABLE	350	2025-10-19 20:22:09.97367	2025-10-19 20:22:09.97367
684d436a-328a-4247-9230-79e0980aa7c8	Bike_7	MOUNTAIN	AVAILABLE	400	2025-10-19 20:22:09.97367	2025-10-19 20:22:09.97367
7e46b1b9-7f64-4091-ad7a-194d29fe64e8	Bike_8	MOUNTAIN	AVAILABLE	450	2025-10-19 20:22:09.97367	2025-10-19 20:22:09.97367
66c9059b-74bf-4524-a0b8-3ccbc74b08ed	Bike_9	MOUNTAIN	AVAILABLE	500	2025-10-19 20:22:09.97367	2025-10-19 20:22:09.97367
6b9d5132-c9ac-4ddc-a130-b11adb360f31	Bike_10	MOUNTAIN	AVAILABLE	550	2025-10-19 20:22:09.97367	2025-10-19 20:22:09.97367
4e5d65f8-a9a7-48a6-b474-229dd1c48837	Bike_2	MOUNTAIN	AVAILABLE	150	2025-10-19 20:23:08.214001	2025-10-19 20:23:08.214001
6894a92c-a3f1-4133-ae33-0f25e39b32c0	Bike_3	MOUNTAIN	AVAILABLE	200	2025-10-19 20:23:08.214001	2025-10-19 20:23:08.214001
20a922b6-8e0d-4050-afd8-e55d3491033a	Bike_4	MOUNTAIN	AVAILABLE	250	2025-10-19 20:23:08.214001	2025-10-19 20:23:08.214001
20be8b4e-3e59-40eb-9808-50f4063443ad	Bike_5	MOUNTAIN	AVAILABLE	300	2025-10-19 20:23:08.214001	2025-10-19 20:23:08.214001
6a4acb5e-d959-4d9b-bb6b-ea63c84d6ae0	Bike_6	MOUNTAIN	AVAILABLE	350	2025-10-19 20:23:08.214001	2025-10-19 20:23:08.214001
23d3e39e-8243-4bed-9ac1-a5e161e7950e	Bike_7	MOUNTAIN	AVAILABLE	400	2025-10-19 20:23:08.214001	2025-10-19 20:23:08.214001
729b58a3-9ef7-4f30-8525-38295479b70e	Bike_8	MOUNTAIN	AVAILABLE	450	2025-10-19 20:23:08.214001	2025-10-19 20:23:08.214001
f251c8f7-6ce3-4367-a9f4-406de6a1ac7a	Bike_9	MOUNTAIN	AVAILABLE	500	2025-10-19 20:23:08.214001	2025-10-19 20:23:08.214001
66c1077c-78d6-465b-a1d7-0f51351a27d3	Bike_10	MOUNTAIN	AVAILABLE	550	2025-10-19 20:23:08.214001	2025-10-19 20:23:08.214001
7db9bbf3-9430-4670-9a63-04b28793c059	ServiceBike	ROAD	AVAILABLE	400	2025-10-19 20:23:09.474709	2025-10-19 20:23:09.474709
7b4cea6e-4015-48e1-99e5-6d88717a33ba	ServiceBike	ROAD	RENTED	1000	2025-10-19 18:13:44.729821	2025-10-19 18:13:44.729821
a437fde2-ddda-4a08-a936-017e0ec997ae	Bike_4	MOUNTAIN	RENTED	1200	2025-10-19 20:38:51.517339	2025-10-19 20:38:51.517339
e2039058-1982-41c0-a599-2210d6a73e8f	Bike_1	MOUNTAIN	RENTED	1300	2025-10-19 20:38:51.517339	2025-10-19 20:38:51.517339
2bc20d8b-52b0-4650-b86c-617b64a79745	TestBike	MOUNTAIN	AVAILABLE	500	2025-10-19 18:15:51.452918	2025-10-19 18:15:51.452918
0714bde8-fe52-4afd-af9c-345c68f65ff1	RentBike	CITY	AVAILABLE	300	2025-10-19 18:15:51.483623	2025-10-19 18:15:51.483623
74558ba8-9824-4659-9308-7622a9330649	ServiceBike	ROAD	AVAILABLE	400	2025-10-19 18:15:51.535408	2025-10-19 18:15:51.535408
\.


--
-- TOC entry 3517 (class 0 OID 17390)
-- Dependencies: 221
-- Data for Name: client; Type: TABLE DATA; Schema: public; Owner: postgres
--

COPY public.client (id, name, passport, phone, country, city, address, email, created, updated) FROM stdin;
75398c5e-2f9c-448c-a479-2378191f8c68	RentClient	RC1760895985	+79050123485	Russia	Moscow	Rent St 1	rent1760895985@t.com	2025-10-19 20:46:25.846906	2025-10-19 20:46:25.846906
f6717a9b-f182-4726-abc6-d83d5020a164	C1	AB1760896089	+79050123451760896089	Russia	Moscow	St1	c1_1760896089@t.com	2025-10-19 20:48:09.319632	2025-10-19 20:48:09.319632
3bb4137c-cb1d-4b4b-a1ef-a5d600a16139	C2	AB1760896091	+79050123451760896091	Russia	Moscow	St2	c2_1760896089@t.com	2025-10-19 20:48:09.319632	2025-10-19 20:48:09.319632
faccb8d0-f1ec-4be2-a547-e41a4b10e6c6	C3	AB1760896093	+79050123451760896093	Russia	Moscow	St3	c3_1760896089@t.com	2025-10-19 20:48:09.319632	2025-10-19 20:48:09.319632
6664e1a7-54a9-4fad-bbae-36ff87085ba0	C4	AB1760896095	+79050123451760896095	Russia	Moscow	St4	c4_1760896089@t.com	2025-10-19 20:48:09.319632	2025-10-19 20:48:09.319632
bcf0fceb-5dec-4b6c-abb7-a1207d62bec1	C5	AB1760896097	+79050123451760896097	Russia	Moscow	St5	c5_1760896089@t.com	2025-10-19 20:48:09.319632	2025-10-19 20:48:09.319632
78548dc0-0f0e-46b5-803e-e9dabbe2d0cc	C6	AB1760896099	+79050123451760896099	Russia	Moscow	St6	c6_1760896089@t.com	2025-10-19 20:48:09.319632	2025-10-19 20:48:09.319632
ae441c67-a85a-4dc3-b603-aaee9a440d52	C7	AB1760896101	+79050123451760896101	Russia	Moscow	St7	c7_1760896089@t.com	2025-10-19 20:48:09.319632	2025-10-19 20:48:09.319632
34400a49-7c01-44b0-a832-e2e03d30b4d6	C8	AB1760896103	+79050123451760896103	Russia	Moscow	St8	c8_1760896089@t.com	2025-10-19 20:48:09.319632	2025-10-19 20:48:09.319632
7ec7d22e-9697-4b85-9607-ac8af187c692	C9	AB1760896105	+79050123451760896105	Russia	Moscow	St9	c9_1760896089@t.com	2025-10-19 20:48:09.319632	2025-10-19 20:48:09.319632
a115713f-db79-41d4-a6c2-b49ab677b021	C10	AB1760896107	+79050123451760896107	Russia	Moscow	St10	c10_1760896089@t.com	2025-10-19 20:48:09.319632	2025-10-19 20:48:09.319632
a3538c2e-1fe8-410b-b984-f33d35a90f2d	C1	AB1760896092	+79050123451760896092	Russia	Moscow	St1	c1_1760896092@t.com	2025-10-19 20:48:12.312541	2025-10-19 20:48:12.312541
ac6c2be8-b9f4-442c-b837-dbed908bf820	C2	AB1760896094	+79050123451760896094	Russia	Moscow	St2	c2_1760896092@t.com	2025-10-19 20:48:12.312541	2025-10-19 20:48:12.312541
91ae779a-b08e-403a-954b-4281819b345e	C3	AB1760896096	+79050123451760896096	Russia	Moscow	St3	c3_1760896092@t.com	2025-10-19 20:48:12.312541	2025-10-19 20:48:12.312541
15093f3a-281a-400c-a468-6aeb7e9177d2	C4	AB1760896098	+79050123451760896098	Russia	Moscow	St4	c4_1760896092@t.com	2025-10-19 20:48:12.312541	2025-10-19 20:48:12.312541
7743c35f-c00d-48c9-b997-bb6ec8768383	C5	AB1760896100	+79050123451760896100	Russia	Moscow	St5	c5_1760896092@t.com	2025-10-19 20:48:12.312541	2025-10-19 20:48:12.312541
002b31e2-bcd2-4f6a-8ee7-5b586eba1a07	C6	AB1760896102	+79050123451760896102	Russia	Moscow	St6	c6_1760896092@t.com	2025-10-19 20:48:12.312541	2025-10-19 20:48:12.312541
00a54642-2f43-4be8-9dda-b8c0dfef51e9	U4	AB1760895979	+79050123451760895979	Russia	Moscow	St1	u4_00a54642-2f43-4be8-9dda-b8c0dfef51e9@t.com	2025-10-19 20:46:19.379763	2025-10-19 20:46:19.379763
93a27acf-5887-4cd7-8569-c60705a32ecf	U1	AB1760895532	+38050123451760895532	UA	Kyiv	St2	u1_93a27acf-5887-4cd7-8569-c60705a32ecf@t.com	2025-10-19 20:38:51.568599	2025-10-19 20:38:51.568599
69df673b-4c94-4068-8ba7-6bb4a3494abe	C1	AB1760894588	+38050123451760894588	UA	Kyiv	St1	c1_1760894588@t.com	2025-10-19 20:23:08.748873	2025-10-19 20:23:08.748873
18fa8e02-2f3a-436b-85e4-cba6d6227463	C2	AB1760894589	+38050123451760894589	UA	Kyiv	St2	c2_1760894588@t.com	2025-10-19 20:23:08.748873	2025-10-19 20:23:08.748873
92e0d087-4151-4605-9daa-5f7a2ea9b0d6	C3	AB1760894590	+38050123451760894590	UA	Kyiv	St3	c3_1760894588@t.com	2025-10-19 20:23:08.748873	2025-10-19 20:23:08.748873
2ac66d73-08f0-4966-8020-751928572749	C4	AB1760894591	+38050123451760894591	UA	Kyiv	St4	c4_1760894588@t.com	2025-10-19 20:23:08.748873	2025-10-19 20:23:08.748873
aa82c514-861b-4b74-9e56-d0a52712ae3e	C5	AB1760894592	+38050123451760894592	UA	Kyiv	St5	c5_1760894588@t.com	2025-10-19 20:23:08.748873	2025-10-19 20:23:08.748873
97f9a7f5-4ce9-46fc-b727-1cc9d3e31591	C6	AB1760894593	+38050123451760894593	UA	Kyiv	St6	c6_1760894588@t.com	2025-10-19 20:23:08.748873	2025-10-19 20:23:08.748873
03761799-bddd-465f-9564-e5ea4677cae4	C7	AB1760894594	+38050123451760894594	UA	Kyiv	St7	c7_1760894588@t.com	2025-10-19 20:23:08.748873	2025-10-19 20:23:08.748873
52c3cd71-4b6c-48c1-903b-52b6239d6ed6	C8	AB1760894595	+38050123451760894595	UA	Kyiv	St8	c8_1760894588@t.com	2025-10-19 20:23:08.748873	2025-10-19 20:23:08.748873
f486a36b-82ea-4439-a43e-95e7c415650c	C9	AB1760894596	+38050123451760894596	UA	Kyiv	St9	c9_1760894588@t.com	2025-10-19 20:23:08.748873	2025-10-19 20:23:08.748873
5053c228-56a7-4eac-b2ee-3ea76ecdb230	C10	AB1760894597	+38050123451760894597	UA	Kyiv	St10	c10_1760894588@t.com	2025-10-19 20:23:08.748873	2025-10-19 20:23:08.748873
9bbd5e82-c780-4896-8a4b-771b4bc16b0d	U3	RC1760895531	+38050123431	UA	Kyiv	Rent St 1	u3_9bbd5e82-c780-4896-8a4b-771b4bc16b0d@t.com	2025-10-19 20:38:51.690587	2025-10-19 20:38:51.690587
9d20c683-cee9-4ad3-9082-7ed3e4421fb2	U2	AB1760895534	+38050123451760895534	UA	Kyiv	St4	u2_9d20c683-cee9-4ad3-9082-7ed3e4421fb2@t.com	2025-10-19 20:38:51.568599	2025-10-19 20:38:51.568599
6e700b4b-4bb4-476a-870c-738c9d8bb1b2	U1	AB1760895982	+79050123451760895982	Russia	Moscow	St4	u1_6e700b4b-4bb4-476a-870c-738c9d8bb1b2@t.com	2025-10-19 20:46:19.379763	2025-10-19 20:46:19.379763
91bbd609-db88-4084-8b3b-0342a09a070b	RentClient	RC1760894589	+38050123489	UA	Kyiv	Rent St 1	rent1760894589@t.com	2025-10-19 20:23:09.421705	2025-10-19 20:23:09.421705
94a7a55f-c77b-4e36-8f4d-ab1f91afbd33	U3	AB1760895984	+79050123451760895984	Russia	Moscow	St6	u3_94a7a55f-c77b-4e36-8f4d-ab1f91afbd33@t.com	2025-10-19 20:46:19.379763	2025-10-19 20:46:19.379763
c1a74868-b1e8-4e37-8970-2f3626f1aaba	U2	AB1760895983	+79050123451760895983	Russia	Moscow	St5	u2_c1a74868-b1e8-4e37-8970-2f3626f1aaba@t.com	2025-10-19 20:46:19.379763	2025-10-19 20:46:19.379763
c4c2bd23-c9d9-49fb-9628-fa55886b417a	U4	AB1760895985	+79050123451760895985	Russia	Moscow	St7	u4_c4c2bd23-c9d9-49fb-9628-fa55886b417a@t.com	2025-10-19 20:46:19.379763	2025-10-19 20:46:19.379763
20f9fe60-2f9f-4734-bf22-a45bbe5e00ea	U2	AB1760895539	+38050123451760895539	UA	Kyiv	St9	u2_20f9fe60-2f9f-4734-bf22-a45bbe5e00ea@t.com	2025-10-19 20:38:51.568599	2025-10-19 20:38:51.568599
267c3de6-e6c4-4c5e-b44b-ad399c40a273	U3	AB1760895538	+38050123451760895538	UA	Kyiv	St8	u3_267c3de6-e6c4-4c5e-b44b-ad399c40a273@t.com	2025-10-19 20:38:51.568599	2025-10-19 20:38:51.568599
d3956ab3-1263-454c-ba45-25642314c41d	U1	AB1760895988	+79050123451760895988	Russia	Moscow	St10	u1_d3956ab3-1263-454c-ba45-25642314c41d@t.com	2025-10-19 20:46:19.379763	2025-10-19 20:46:19.379763
cc82eaac-e5dc-4d77-a283-782bd1a49ddd	C7	AB1760896104	+79050123451760896104	Russia	Moscow	St7	c7_1760896092@t.com	2025-10-19 20:48:12.312541	2025-10-19 20:48:12.312541
82c1c802-9aba-43c0-9490-4f88d457ab6b	C8	AB1760896106	+79050123451760896106	Russia	Moscow	St8	c8_1760896092@t.com	2025-10-19 20:48:12.312541	2025-10-19 20:48:12.312541
4cb17088-e92e-4957-911e-0f7947d3df7b	C9	AB1760896108	+79050123451760896108	Russia	Moscow	St9	c9_1760896092@t.com	2025-10-19 20:48:12.312541	2025-10-19 20:48:12.312541
81ecf958-b8f5-472a-ad12-7eb621eecaae	C10	AB1760896110	+79050123451760896110	Russia	Moscow	St10	c10_1760896092@t.com	2025-10-19 20:48:12.312541	2025-10-19 20:48:12.312541
80cdbe83-83ed-43b1-aa6e-06b1e012c0c6	RentClient	RC1760896092	+79050123492	Russia	Moscow	Rent St 1	rent1760896092@t.com	2025-10-19 20:48:12.440342	2025-10-19 20:48:12.440342
58e00be8-1cc9-46a1-8287-9b8ea6c1e600	C1	AB1760897624	+79050123451760897624	Russia	Moscow	St1	c1_1760897624@t.com	2025-10-19 18:13:44.553948	2025-10-19 18:13:44.553948
5c8115ac-411b-49a5-a27f-ecb91a9fe7f3	C2	AB1760897626	+79050123451760897626	Russia	Moscow	St2	c2_1760897624@t.com	2025-10-19 18:13:44.553948	2025-10-19 18:13:44.553948
3fe69773-b3f0-4d42-99d7-dc0d2db64370	C3	AB1760897628	+79050123451760897628	Russia	Moscow	St3	c3_1760897624@t.com	2025-10-19 18:13:44.553948	2025-10-19 18:13:44.553948
db57f82a-9ebb-4890-9f2b-c6a5420a49ad	C4	AB1760897630	+79050123451760897630	Russia	Moscow	St4	c4_1760897624@t.com	2025-10-19 18:13:44.553948	2025-10-19 18:13:44.553948
2a62a68e-171c-4c03-881b-cc54c50d4846	C5	AB1760897632	+79050123451760897632	Russia	Moscow	St5	c5_1760897624@t.com	2025-10-19 18:13:44.553948	2025-10-19 18:13:44.553948
ea727fa3-4b69-47de-96ec-b0b540e606c0	C6	AB1760897634	+79050123451760897634	Russia	Moscow	St6	c6_1760897624@t.com	2025-10-19 18:13:44.553948	2025-10-19 18:13:44.553948
93bcc18a-1c39-4fef-a061-0f1ec2ebbbe1	C7	AB1760897636	+79050123451760897636	Russia	Moscow	St7	c7_1760897624@t.com	2025-10-19 18:13:44.553948	2025-10-19 18:13:44.553948
cec813af-ce1e-4afb-90e0-7bd99124fb8d	C8	AB1760897638	+79050123451760897638	Russia	Moscow	St8	c8_1760897624@t.com	2025-10-19 18:13:44.553948	2025-10-19 18:13:44.553948
cf51b6f5-9e43-4e4f-a31a-5be5011bd772	C9	AB1760897640	+79050123451760897640	Russia	Moscow	St9	c9_1760897624@t.com	2025-10-19 18:13:44.553948	2025-10-19 18:13:44.553948
cfe18cb7-60fb-47ff-ba2d-d0f95a89c884	C10	AB1760897642	+79050123451760897642	Russia	Moscow	St10	c10_1760897624@t.com	2025-10-19 18:13:44.553948	2025-10-19 18:13:44.553948
dc42104a-c55f-4191-bf81-222e7e84d91c	RentClient	RC1760897624	+79050123424	Russia	Moscow	Rent St 1	rent1760897624@t.com	2025-10-19 18:13:44.669665	2025-10-19 18:13:44.669665
46fac63f-82f1-4bcf-9579-bf768c47d400	C1	AB1760897751	+79050123451760897751	Russia	Moscow	St1	c1_1760897751@t.com	2025-10-19 18:15:51.385062	2025-10-19 18:15:51.385062
56f983a7-dc66-4ba9-9ac8-3cee637e101c	C2	AB1760897753	+79050123451760897753	Russia	Moscow	St2	c2_1760897751@t.com	2025-10-19 18:15:51.385062	2025-10-19 18:15:51.385062
ee9c46c5-f259-49de-aed6-646a5127329d	C3	AB1760897755	+79050123451760897755	Russia	Moscow	St3	c3_1760897751@t.com	2025-10-19 18:15:51.385062	2025-10-19 18:15:51.385062
398dc99f-82b0-4c98-8323-b131d19f2e38	C4	AB1760897757	+79050123451760897757	Russia	Moscow	St4	c4_1760897751@t.com	2025-10-19 18:15:51.385062	2025-10-19 18:15:51.385062
28c3b446-5ebe-408c-937f-87e43a98b14b	C5	AB1760897759	+79050123451760897759	Russia	Moscow	St5	c5_1760897751@t.com	2025-10-19 18:15:51.385062	2025-10-19 18:15:51.385062
7ef4c093-4a45-4727-9583-bb72598d4588	C6	AB1760897761	+79050123451760897761	Russia	Moscow	St6	c6_1760897751@t.com	2025-10-19 18:15:51.385062	2025-10-19 18:15:51.385062
cc6ef506-fe69-4427-8040-c140af9853db	C7	AB1760897763	+79050123451760897763	Russia	Moscow	St7	c7_1760897751@t.com	2025-10-19 18:15:51.385062	2025-10-19 18:15:51.385062
ee5b5a59-0c93-4f63-b53a-4d78ec0fff54	C8	AB1760897765	+79050123451760897765	Russia	Moscow	St8	c8_1760897751@t.com	2025-10-19 18:15:51.385062	2025-10-19 18:15:51.385062
ec9836d9-6f65-4a57-a267-7781c06ea262	C9	AB1760897767	+79050123451760897767	Russia	Moscow	St9	c9_1760897751@t.com	2025-10-19 18:15:51.385062	2025-10-19 18:15:51.385062
32fba19e-0581-4992-bd71-bb86ac25686f	C10	AB1760897769	+79050123451760897769	Russia	Moscow	St10	c10_1760897751@t.com	2025-10-19 18:15:51.385062	2025-10-19 18:15:51.385062
436249fd-3c77-42a8-963c-8de4c29e92f7	RentClient	RC1760897751	+79050123451	Russia	Moscow	Rent St 1	rent1760897751@t.com	2025-10-19 18:15:51.483623	2025-10-19 18:15:51.483623
\.


--
-- TOC entry 3518 (class 0 OID 17431)
-- Dependencies: 222
-- Data for Name: detail; Type: TABLE DATA; Schema: public; Owner: postgres
--

COPY public.detail (id, brand, type, name, price, in_stock, created, updated) FROM stdin;
5a30154f-5efd-4417-bea7-109628e71ab6	Brand_8	CHAIN	Updated_Detail_1	1000	f	2025-10-19 20:46:25.76955	2025-10-19 20:46:25.76955
d988b901-1c60-4667-9b2d-bed51ee9342e	Brand_10	OTHER	Updated_Detail_3	1200	f	2025-10-19 20:46:25.76955	2025-10-19 20:46:25.76955
2a4c2659-1656-40bc-8353-779ce444d797	Brand_10	OTHER	Updated_Detail_4	1300	f	2025-10-19 20:38:51.609316	2025-10-19 20:38:51.609316
4ab1603f-cad3-459b-ad34-637105b89516	Brand_8	CHAIN	Updated_Detail_2	1100	f	2025-10-19 20:38:51.609316	2025-10-19 20:38:51.609316
71af4d9c-6cca-430a-9de3-b55830d2c817	Brand_9	TIRE	Updated_Detail_3	1200	f	2025-10-19 20:38:51.609316	2025-10-19 20:38:51.609316
96305058-0b44-4104-bc75-5a2c59a7c8cf	TestBrand	OTHER	TestDetail	100	t	2025-10-19 20:46:25.805803	2025-10-19 20:46:25.805803
7bc07cbe-a025-4d3d-a715-7ee6b2e01759	ServiceBrand	OTHER	ServiceDetail	100	t	2025-10-19 20:46:25.909889	2025-10-19 20:46:25.909889
df53e234-f374-4564-af3d-05f73cf49992	Brand_1	BRAKE	Brake Pad	50	t	2025-10-19 20:48:12.359508	2025-10-19 20:48:12.359508
3d13b4c6-54c4-45f5-a9ef-20b09a7f72ea	Brand_2	CHAIN	Chain	75	t	2025-10-19 20:48:12.359508	2025-10-19 20:48:12.359508
07419fe0-1eed-4a66-9a79-efa32356f8b4	Brand_3	TIRE	Tire	100	t	2025-10-19 20:48:12.359508	2025-10-19 20:48:12.359508
52c0041e-a9a1-4136-95d1-c9b60a8e8061	Brand_4	OTHER	Handlebar	125	t	2025-10-19 20:48:12.359508	2025-10-19 20:48:12.359508
82eeb205-837c-4dda-a6d3-8d2b7989414e	Brand_5	OTHER	Seat	150	t	2025-10-19 20:48:12.359508	2025-10-19 20:48:12.359508
2e0c44ec-baf9-43ee-83b7-25cdab55a5bd	Brand_6	PEDAL	Pedal	175	t	2025-10-19 20:48:12.359508	2025-10-19 20:48:12.359508
300c77f1-a6b4-4e70-8bb8-8b6f5e36697d	Brand_7	SHIFT	Gear	200	t	2025-10-19 20:48:12.359508	2025-10-19 20:48:12.359508
ee196a31-5c0f-4ad2-bf91-eee5c0e1336c	Brand_8	CHAIN	Cable	225	t	2025-10-19 20:48:12.359508	2025-10-19 20:48:12.359508
fd4c8465-b7a0-4d2f-84e1-2aaa67f27668	Brand_9	TIRE	Tube	250	t	2025-10-19 20:48:12.359508	2025-10-19 20:48:12.359508
9057936e-6c7a-47c8-992b-227110c6d445	Brand_10	OTHER	Light	275	t	2025-10-19 20:48:12.359508	2025-10-19 20:48:12.359508
0a9b7fc7-c109-48c4-a7e1-85d0cbd3d789	TestBrand	OTHER	Updated_Detail_3	1200	f	2025-10-19 20:38:51.6472	2025-10-19 20:38:51.6472
8065f18c-46ce-4dcd-abaa-dad97e1b9998	ServiceBrand	OTHER	Updated_Detail_4	1300	f	2025-10-19 20:38:51.744225	2025-10-19 20:38:51.744225
9fc6ee91-3109-46ed-8572-fe34a88da7fe	Brand_3	TIRE	Updated_Detail_2	1100	f	2025-10-19 20:38:51.609316	2025-10-19 20:38:51.609316
282b22eb-0cd1-45a2-b886-d76a0d23219f	TestBrand	OTHER	TestDetail	100	t	2025-10-19 20:48:12.398584	2025-10-19 20:48:12.398584
85eafce8-62b6-4108-b8d2-aab0b4d96959	ServiceBrand	OTHER	ServiceDetail	100	t	2025-10-19 20:48:12.501595	2025-10-19 20:48:12.501595
6b7946c9-7e5d-4b44-a77d-8316cbbaa2d9	Brand_1	BRAKE	Brake Pad	50	t	2025-10-19 18:13:44.591532	2025-10-19 18:13:44.591532
80a62902-1d1e-4517-895c-8d19b6695f80	Brand_2	CHAIN	Chain	75	t	2025-10-19 18:13:44.591532	2025-10-19 18:13:44.591532
9f37b322-9fbe-42d2-8793-f84d715846a0	Brand_3	TIRE	Tire	100	t	2025-10-19 18:13:44.591532	2025-10-19 18:13:44.591532
a50a1128-5df9-415f-8373-bbd50d71571c	Brand_4	OTHER	Handlebar	125	t	2025-10-19 18:13:44.591532	2025-10-19 18:13:44.591532
9ff41572-503f-4660-b4fa-6974d9e025aa	Brand_5	OTHER	Seat	150	t	2025-10-19 18:13:44.591532	2025-10-19 18:13:44.591532
f9b2f6c5-6dd9-4708-827d-2e25545e2358	Brand_6	PEDAL	Pedal	175	t	2025-10-19 18:13:44.591532	2025-10-19 18:13:44.591532
e4a77bed-964c-4bad-b837-f365ff796e3a	Brand_7	SHIFT	Gear	200	t	2025-10-19 18:13:44.591532	2025-10-19 18:13:44.591532
e6da5397-155e-47c1-9480-f81499476ba9	Brand_8	CHAIN	Cable	225	t	2025-10-19 18:13:44.591532	2025-10-19 18:13:44.591532
87bdf98d-547b-4955-badc-36f378c50baf	Brand_9	TIRE	Tube	250	t	2025-10-19 18:13:44.591532	2025-10-19 18:13:44.591532
5c9f17eb-a7fb-4cba-b0a4-fc5467d6b0e2	Brand_10	OTHER	Light	275	t	2025-10-19 18:13:44.591532	2025-10-19 18:13:44.591532
1da44f30-27eb-4508-926b-d97eaf9e2e04	Brand_3	TIRE	Updated_Detail_2	1100	f	2025-10-19 20:46:25.76955	2025-10-19 20:46:25.76955
3f4529aa-dbdb-4a67-8c51-3dca67c71210	Brand_4	OTHER	Updated_Detail_3	1200	f	2025-10-19 20:46:25.76955	2025-10-19 20:46:25.76955
db1194b9-c79d-4d20-87b2-879a650f1fb3	Brand_2	CHAIN	Updated_Detail_1	1000	f	2025-10-19 20:46:25.76955	2025-10-19 20:46:25.76955
e8f8c863-b79f-40fe-b60d-99c317dcb517	Brand_5	OTHER	Updated_Detail_4	1300	f	2025-10-19 20:46:25.76955	2025-10-19 20:46:25.76955
0448d8e7-5fe5-4e25-a228-def9691f60fa	TestBrand	OTHER	TestDetail	100	t	2025-10-19 18:13:44.626569	2025-10-19 18:13:44.626569
8423bbb8-792e-421b-9044-fd7260082c96	ServiceBrand	OTHER	ServiceDetail	100	t	2025-10-19 18:13:44.729821	2025-10-19 18:13:44.729821
96bf74dd-796d-4c41-ac04-14f96b501db2	Brand_1	BRAKE	Brake Pad	50	t	2025-10-19 18:15:51.420679	2025-10-19 18:15:51.420679
c7af84d6-ffe4-4973-9daf-9a44a50061f6	Brand_2	CHAIN	Chain	75	t	2025-10-19 18:15:51.420679	2025-10-19 18:15:51.420679
0d98ffd0-ccc6-40b2-99ba-6d17be6df774	Brand_3	TIRE	Tire	100	t	2025-10-19 18:15:51.420679	2025-10-19 18:15:51.420679
0ccd35a2-0f70-4c35-a518-08f39f4a3b7c	Brand_4	OTHER	Handlebar	125	t	2025-10-19 18:15:51.420679	2025-10-19 18:15:51.420679
bd256310-9a3c-4575-b9dc-6bef32505b06	Brand_5	OTHER	Seat	150	t	2025-10-19 18:15:51.420679	2025-10-19 18:15:51.420679
205e39cb-b2e2-47c1-a4a6-b5a455501ad5	Brand_6	PEDAL	Pedal	175	t	2025-10-19 18:15:51.420679	2025-10-19 18:15:51.420679
4ac0770d-addd-4952-893a-18e981b65d75	Brand_7	SHIFT	Gear	200	t	2025-10-19 18:15:51.420679	2025-10-19 18:15:51.420679
cac04229-b787-45b3-a751-b2910a80edad	Brand_8	CHAIN	Cable	225	t	2025-10-19 18:15:51.420679	2025-10-19 18:15:51.420679
00366146-2b78-4344-b91f-685575c06518	Brand_9	TIRE	Tube	250	t	2025-10-19 18:15:51.420679	2025-10-19 18:15:51.420679
6281c46c-1e29-4b38-9c33-a4d304ff160c	Brand_10	OTHER	Light	275	t	2025-10-19 18:15:51.420679	2025-10-19 18:15:51.420679
95386603-508b-44fa-9320-bbc97a2c2688	TestBrand	OTHER	TestDetail	100	t	2025-10-19 18:15:51.452918	2025-10-19 18:15:51.452918
76b99e9c-8714-4b2a-a47b-fa2b6bca6736	ServiceBrand	OTHER	ServiceDetail	100	t	2025-10-19 18:15:51.535408	2025-10-19 18:15:51.535408
\.


--
-- TOC entry 3520 (class 0 OID 17467)
-- Dependencies: 224
-- Data for Name: detail_for_bicycle; Type: TABLE DATA; Schema: public; Owner: postgres
--

COPY public.detail_for_bicycle (id, bicycle_id, detail_id) FROM stdin;
54ec098d-b3fe-4538-aef7-073bf73bb982	713526d1-4c06-4c13-bea1-b66cee25c87e	282b22eb-0cd1-45a2-b886-d76a0d23219f
3b31b4ac-1fc5-40fb-bf28-6b3ac375a8ac	713526d1-4c06-4c13-bea1-b66cee25c87e	282b22eb-0cd1-45a2-b886-d76a0d23219f
b59c090f-7cdf-46f0-b285-d4d219719282	713526d1-4c06-4c13-bea1-b66cee25c87e	282b22eb-0cd1-45a2-b886-d76a0d23219f
73178393-e4bf-4b99-9e3b-f1e807b3279c	713526d1-4c06-4c13-bea1-b66cee25c87e	282b22eb-0cd1-45a2-b886-d76a0d23219f
d420dd8c-5bc4-4b93-a992-968ce1ab8edf	2bc20d8b-52b0-4650-b86c-617b64a79745	95386603-508b-44fa-9320-bbc97a2c2688
767c8795-c37a-4a7c-8b21-9e0d8d763db6	2bc20d8b-52b0-4650-b86c-617b64a79745	95386603-508b-44fa-9320-bbc97a2c2688
6a26e55c-163a-4255-893b-025b2727ef13	2bc20d8b-52b0-4650-b86c-617b64a79745	95386603-508b-44fa-9320-bbc97a2c2688
112675ae-412b-403d-9d65-49bb955848e7	2bc20d8b-52b0-4650-b86c-617b64a79745	95386603-508b-44fa-9320-bbc97a2c2688
a5f46f93-5b05-4b3d-8dcd-02377bcd805d	2bc20d8b-52b0-4650-b86c-617b64a79745	95386603-508b-44fa-9320-bbc97a2c2688
b78b8c19-3a74-482a-8db6-1d062a76b9af	2bc20d8b-52b0-4650-b86c-617b64a79745	95386603-508b-44fa-9320-bbc97a2c2688
1c0b0158-ce30-4016-a625-e4b9954a71ab	2bc20d8b-52b0-4650-b86c-617b64a79745	95386603-508b-44fa-9320-bbc97a2c2688
834622c7-afab-4cd3-84dd-59412d4a8584	2bc20d8b-52b0-4650-b86c-617b64a79745	95386603-508b-44fa-9320-bbc97a2c2688
490a15dd-38c7-4767-a977-ff85af844d2e	2bc20d8b-52b0-4650-b86c-617b64a79745	95386603-508b-44fa-9320-bbc97a2c2688
64400089-8bdd-401c-9ccc-12c587ec5f57	2bc20d8b-52b0-4650-b86c-617b64a79745	95386603-508b-44fa-9320-bbc97a2c2688
6ac0852d-85d5-4652-a41d-c18dc84f258f	8c7934e2-6999-4cf4-ac87-92b3f80df70e	96305058-0b44-4104-bc75-5a2c59a7c8cf
2b71d7c9-782e-4b95-997d-4faa540cee7c	8c7934e2-6999-4cf4-ac87-92b3f80df70e	96305058-0b44-4104-bc75-5a2c59a7c8cf
2c31c1dc-4404-43f6-a6de-fa178a265cf0	8c7934e2-6999-4cf4-ac87-92b3f80df70e	96305058-0b44-4104-bc75-5a2c59a7c8cf
bdc2b793-68cd-4ecf-83d6-4333163f3987	8c7934e2-6999-4cf4-ac87-92b3f80df70e	96305058-0b44-4104-bc75-5a2c59a7c8cf
6a931fd9-7942-4790-b154-f5806a75ae13	8c7934e2-6999-4cf4-ac87-92b3f80df70e	96305058-0b44-4104-bc75-5a2c59a7c8cf
2bdc31a2-ac86-4108-9659-0dc2bb58057b	8c7934e2-6999-4cf4-ac87-92b3f80df70e	96305058-0b44-4104-bc75-5a2c59a7c8cf
c0c69765-b387-4cd0-94ba-c95dccc72cc6	8c7934e2-6999-4cf4-ac87-92b3f80df70e	96305058-0b44-4104-bc75-5a2c59a7c8cf
92146a75-48ab-4f51-830d-6cdfd935bb4a	8c7934e2-6999-4cf4-ac87-92b3f80df70e	96305058-0b44-4104-bc75-5a2c59a7c8cf
2904bcd2-be21-429d-9d0a-0a80ad0110e9	8c7934e2-6999-4cf4-ac87-92b3f80df70e	96305058-0b44-4104-bc75-5a2c59a7c8cf
e10dd680-e909-4c0c-af3b-f7bb182201b4	8c7934e2-6999-4cf4-ac87-92b3f80df70e	96305058-0b44-4104-bc75-5a2c59a7c8cf
\.


--
-- TOC entry 3521 (class 0 OID 17486)
-- Dependencies: 225
-- Data for Name: rent_book; Type: TABLE DATA; Schema: public; Owner: postgres
--

COPY public.rent_book (id, "time", paid, bicycle_id, client_id, staff_id, created, updated) FROM stdin;
42e07b9c-82f5-4c50-bffa-c5f6fbfccb1e	120	t	0714bde8-fe52-4afd-af9c-345c68f65ff1	436249fd-3c77-42a8-963c-8de4c29e92f7	b948d157-16a0-4ab4-9d29-def1b952da58	2025-10-19 18:15:51.483623	2025-10-19 18:15:51.483623
825b1d3e-7bb7-4e04-ba2f-28ddce92c84b	130	t	0714bde8-fe52-4afd-af9c-345c68f65ff1	436249fd-3c77-42a8-963c-8de4c29e92f7	b948d157-16a0-4ab4-9d29-def1b952da58	2025-10-19 18:15:51.483623	2025-10-19 18:15:51.483623
6a3d3274-bcdc-4992-b1ea-e96d666222fe	140	t	0714bde8-fe52-4afd-af9c-345c68f65ff1	436249fd-3c77-42a8-963c-8de4c29e92f7	b948d157-16a0-4ab4-9d29-def1b952da58	2025-10-19 18:15:51.483623	2025-10-19 18:15:51.483623
cdf5bc81-adad-4314-969c-49cae3f6f4b0	150	t	0714bde8-fe52-4afd-af9c-345c68f65ff1	436249fd-3c77-42a8-963c-8de4c29e92f7	b948d157-16a0-4ab4-9d29-def1b952da58	2025-10-19 18:15:51.483623	2025-10-19 18:15:51.483623
0437b97d-aa3d-47f5-af9a-beb851798bbd	180	f	0714bde8-fe52-4afd-af9c-345c68f65ff1	436249fd-3c77-42a8-963c-8de4c29e92f7	b948d157-16a0-4ab4-9d29-def1b952da58	2025-10-19 18:15:51.483623	2025-10-19 18:15:51.483623
416ed723-c2da-4c1d-85a8-455bbeec1bcb	120	f	0714bde8-fe52-4afd-af9c-345c68f65ff1	436249fd-3c77-42a8-963c-8de4c29e92f7	b948d157-16a0-4ab4-9d29-def1b952da58	2025-10-19 18:15:51.483623	2025-10-19 18:15:51.483623
6c1051a8-892e-4af2-8930-592d497d0ddc	140	f	0714bde8-fe52-4afd-af9c-345c68f65ff1	436249fd-3c77-42a8-963c-8de4c29e92f7	b948d157-16a0-4ab4-9d29-def1b952da58	2025-10-19 18:15:51.483623	2025-10-19 18:15:51.483623
9fab32db-b703-46f1-92f3-cb211c519faa	160	f	0714bde8-fe52-4afd-af9c-345c68f65ff1	436249fd-3c77-42a8-963c-8de4c29e92f7	b948d157-16a0-4ab4-9d29-def1b952da58	2025-10-19 18:15:51.483623	2025-10-19 18:15:51.483623
8b3194da-cf55-41c0-9278-e90196eacab2	80	t	1a561634-09b0-4be6-9b4b-c4b1be2cbf92	75398c5e-2f9c-448c-a479-2378191f8c68	54527743-11e9-41b9-8587-c635d49035a4	2025-10-19 20:46:25.846906	2025-10-19 20:46:25.846906
9160a80e-e7a3-4041-bada-6adbd69c746e	90	t	1a561634-09b0-4be6-9b4b-c4b1be2cbf92	75398c5e-2f9c-448c-a479-2378191f8c68	54527743-11e9-41b9-8587-c635d49035a4	2025-10-19 20:46:25.846906	2025-10-19 20:46:25.846906
b9e64cf0-3a20-4b7d-b935-3423da126259	100	t	1a561634-09b0-4be6-9b4b-c4b1be2cbf92	75398c5e-2f9c-448c-a479-2378191f8c68	54527743-11e9-41b9-8587-c635d49035a4	2025-10-19 20:46:25.846906	2025-10-19 20:46:25.846906
0bb87d5b-cd57-4e4f-96d1-7609b21cb7e3	110	t	1a561634-09b0-4be6-9b4b-c4b1be2cbf92	75398c5e-2f9c-448c-a479-2378191f8c68	54527743-11e9-41b9-8587-c635d49035a4	2025-10-19 20:46:25.846906	2025-10-19 20:46:25.846906
c40e7d2f-a9ef-4477-9890-fe9127d30be4	120	t	1a561634-09b0-4be6-9b4b-c4b1be2cbf92	75398c5e-2f9c-448c-a479-2378191f8c68	54527743-11e9-41b9-8587-c635d49035a4	2025-10-19 20:46:25.846906	2025-10-19 20:46:25.846906
997e9824-5cf5-476d-80a8-a09d4b03b3d8	130	t	1a561634-09b0-4be6-9b4b-c4b1be2cbf92	75398c5e-2f9c-448c-a479-2378191f8c68	54527743-11e9-41b9-8587-c635d49035a4	2025-10-19 20:46:25.846906	2025-10-19 20:46:25.846906
edbc3b3f-b395-41c9-bd95-e9ddd57b2041	140	t	1a561634-09b0-4be6-9b4b-c4b1be2cbf92	75398c5e-2f9c-448c-a479-2378191f8c68	54527743-11e9-41b9-8587-c635d49035a4	2025-10-19 20:46:25.846906	2025-10-19 20:46:25.846906
eb711894-3eb8-432f-ba4f-6f75abb48876	150	t	1a561634-09b0-4be6-9b4b-c4b1be2cbf92	75398c5e-2f9c-448c-a479-2378191f8c68	54527743-11e9-41b9-8587-c635d49035a4	2025-10-19 20:46:25.846906	2025-10-19 20:46:25.846906
dbb7b228-367e-4115-9281-10b100650fb4	140	t	6f0affce-b40e-4ae2-be9d-e52b7f464ff5	80cdbe83-83ed-43b1-aa6e-06b1e012c0c6	8cd10cbf-c88e-41c8-ad22-57088ab7720a	2025-10-19 20:48:12.440342	2025-10-19 20:48:12.440342
642078fd-1520-4355-a102-679470d91b85	150	t	6f0affce-b40e-4ae2-be9d-e52b7f464ff5	80cdbe83-83ed-43b1-aa6e-06b1e012c0c6	8cd10cbf-c88e-41c8-ad22-57088ab7720a	2025-10-19 20:48:12.440342	2025-10-19 20:48:12.440342
3bb762ab-0f21-47a4-a833-866ebe1af34f	180	f	6f0affce-b40e-4ae2-be9d-e52b7f464ff5	80cdbe83-83ed-43b1-aa6e-06b1e012c0c6	8cd10cbf-c88e-41c8-ad22-57088ab7720a	2025-10-19 20:48:12.440342	2025-10-19 20:48:12.440342
a5e013ad-bde4-47d6-a3ec-661d195ee5da	160	f	6f0affce-b40e-4ae2-be9d-e52b7f464ff5	80cdbe83-83ed-43b1-aa6e-06b1e012c0c6	8cd10cbf-c88e-41c8-ad22-57088ab7720a	2025-10-19 20:48:12.440342	2025-10-19 20:48:12.440342
b5bffbd2-9b6c-4eeb-a27e-bd98d86dd02c	180	f	6f0affce-b40e-4ae2-be9d-e52b7f464ff5	80cdbe83-83ed-43b1-aa6e-06b1e012c0c6	8cd10cbf-c88e-41c8-ad22-57088ab7720a	2025-10-19 20:48:12.440342	2025-10-19 20:48:12.440342
cd1a9db7-6149-47ef-8baa-fe23b196b0a5	160	f	6f0affce-b40e-4ae2-be9d-e52b7f464ff5	80cdbe83-83ed-43b1-aa6e-06b1e012c0c6	8cd10cbf-c88e-41c8-ad22-57088ab7720a	2025-10-19 20:48:12.440342	2025-10-19 20:48:12.440342
e2a023f8-4336-4ac2-a5e4-be72fbb5c087	140	f	6f0affce-b40e-4ae2-be9d-e52b7f464ff5	80cdbe83-83ed-43b1-aa6e-06b1e012c0c6	8cd10cbf-c88e-41c8-ad22-57088ab7720a	2025-10-19 20:48:12.440342	2025-10-19 20:48:12.440342
f1be1ee3-4118-448a-b112-6cb2e7d907ac	120	f	6f0affce-b40e-4ae2-be9d-e52b7f464ff5	80cdbe83-83ed-43b1-aa6e-06b1e012c0c6	8cd10cbf-c88e-41c8-ad22-57088ab7720a	2025-10-19 20:48:12.440342	2025-10-19 20:48:12.440342
\.


--
-- TOC entry 3522 (class 0 OID 17515)
-- Dependencies: 226
-- Data for Name: service_book; Type: TABLE DATA; Schema: public; Owner: postgres
--

COPY public.service_book (id, bicycle_id, detail_id, price, staff_id, created, updated) FROM stdin;
b727c65f-4e41-4e1b-9a07-fabf33a8ae60	4d5f0b5e-ba47-4fc6-bd03-ed5f3202ace7	7bc07cbe-a025-4d3d-a715-7ee6b2e01759	400	a62d1e52-5b4b-446a-b226-f39eedee5b40	2025-10-19 20:46:25.909889	2025-10-19 20:46:25.909889
fd1e6c2b-4085-4424-a1d9-df27d66d2644	4d5f0b5e-ba47-4fc6-bd03-ed5f3202ace7	7bc07cbe-a025-4d3d-a715-7ee6b2e01759	450	a62d1e52-5b4b-446a-b226-f39eedee5b40	2025-10-19 20:46:25.909889	2025-10-19 20:46:25.909889
c11ffe01-099f-492b-9ef2-9457ddf7582f	4d5f0b5e-ba47-4fc6-bd03-ed5f3202ace7	7bc07cbe-a025-4d3d-a715-7ee6b2e01759	500	a62d1e52-5b4b-446a-b226-f39eedee5b40	2025-10-19 20:46:25.909889	2025-10-19 20:46:25.909889
530d69ef-b26f-4090-ad74-2d4def5aa385	4d5f0b5e-ba47-4fc6-bd03-ed5f3202ace7	7bc07cbe-a025-4d3d-a715-7ee6b2e01759	550	a62d1e52-5b4b-446a-b226-f39eedee5b40	2025-10-19 20:46:25.909889	2025-10-19 20:46:25.909889
be3f589a-4d1d-41cc-8931-5c493cdeae80	4d5f0b5e-ba47-4fc6-bd03-ed5f3202ace7	7bc07cbe-a025-4d3d-a715-7ee6b2e01759	600	a62d1e52-5b4b-446a-b226-f39eedee5b40	2025-10-19 20:46:25.909889	2025-10-19 20:46:25.909889
f0e96ba5-83f6-4550-b19d-d99c538ca2e8	4d5f0b5e-ba47-4fc6-bd03-ed5f3202ace7	7bc07cbe-a025-4d3d-a715-7ee6b2e01759	650	a62d1e52-5b4b-446a-b226-f39eedee5b40	2025-10-19 20:46:25.909889	2025-10-19 20:46:25.909889
3f9197cc-7bdc-4c40-a846-73535885b08a	b006f796-e291-4f0d-b080-d0f7d32744bd	8065f18c-46ce-4dcd-abaa-dad97e1b9998	2400	0b8bb96c-86e0-473e-8422-d9bd5363d769	2025-10-19 20:38:51.744225	2025-10-19 20:38:51.744225
54676e1b-a736-4f14-ac36-6f69cd90e496	b006f796-e291-4f0d-b080-d0f7d32744bd	8065f18c-46ce-4dcd-abaa-dad97e1b9998	2000	0b8bb96c-86e0-473e-8422-d9bd5363d769	2025-10-19 20:38:51.744225	2025-10-19 20:38:51.744225
70e031eb-61d4-4f73-a83f-439bf498bcaa	b006f796-e291-4f0d-b080-d0f7d32744bd	8065f18c-46ce-4dcd-abaa-dad97e1b9998	2200	0b8bb96c-86e0-473e-8422-d9bd5363d769	2025-10-19 20:38:51.744225	2025-10-19 20:38:51.744225
afb6a750-cb15-401f-8d8e-a74d07495a41	b006f796-e291-4f0d-b080-d0f7d32744bd	8065f18c-46ce-4dcd-abaa-dad97e1b9998	2600	0b8bb96c-86e0-473e-8422-d9bd5363d769	2025-10-19 20:38:51.744225	2025-10-19 20:38:51.744225
aa3a13f2-5b7e-47f4-9d34-54aa2cb56162	9a635708-afad-4937-bd1c-ffac26e57c3c	85eafce8-62b6-4108-b8d2-aab0b4d96959	200	eeee61f6-8a03-4e79-a811-122bf4602b9a	2025-10-19 20:48:12.501595	2025-10-19 20:48:12.501595
3e1dc9f1-d251-41c0-974e-61caa0ed1b77	9a635708-afad-4937-bd1c-ffac26e57c3c	85eafce8-62b6-4108-b8d2-aab0b4d96959	250	eeee61f6-8a03-4e79-a811-122bf4602b9a	2025-10-19 20:48:12.501595	2025-10-19 20:48:12.501595
2bb24533-8b49-4790-a162-1c209bd63f8d	9a635708-afad-4937-bd1c-ffac26e57c3c	85eafce8-62b6-4108-b8d2-aab0b4d96959	300	eeee61f6-8a03-4e79-a811-122bf4602b9a	2025-10-19 20:48:12.501595	2025-10-19 20:48:12.501595
7c782de1-f89c-4301-b9ac-f4f93d2fe0b2	9a635708-afad-4937-bd1c-ffac26e57c3c	85eafce8-62b6-4108-b8d2-aab0b4d96959	350	eeee61f6-8a03-4e79-a811-122bf4602b9a	2025-10-19 20:48:12.501595	2025-10-19 20:48:12.501595
34c32008-6fc4-4126-82c2-647901c619aa	9a635708-afad-4937-bd1c-ffac26e57c3c	85eafce8-62b6-4108-b8d2-aab0b4d96959	400	eeee61f6-8a03-4e79-a811-122bf4602b9a	2025-10-19 20:48:12.501595	2025-10-19 20:48:12.501595
3c01da17-b000-49a6-952b-9dc91d6372e4	9a635708-afad-4937-bd1c-ffac26e57c3c	85eafce8-62b6-4108-b8d2-aab0b4d96959	450	eeee61f6-8a03-4e79-a811-122bf4602b9a	2025-10-19 20:48:12.501595	2025-10-19 20:48:12.501595
a132ba0c-32a1-4d31-9215-c560a5a1a3db	9a635708-afad-4937-bd1c-ffac26e57c3c	85eafce8-62b6-4108-b8d2-aab0b4d96959	500	eeee61f6-8a03-4e79-a811-122bf4602b9a	2025-10-19 20:48:12.501595	2025-10-19 20:48:12.501595
2fbc7082-6b23-4efc-8ad2-16de4be949f4	9a635708-afad-4937-bd1c-ffac26e57c3c	85eafce8-62b6-4108-b8d2-aab0b4d96959	550	eeee61f6-8a03-4e79-a811-122bf4602b9a	2025-10-19 20:48:12.501595	2025-10-19 20:48:12.501595
29109cc3-0609-4168-a112-910008404829	9a635708-afad-4937-bd1c-ffac26e57c3c	85eafce8-62b6-4108-b8d2-aab0b4d96959	600	eeee61f6-8a03-4e79-a811-122bf4602b9a	2025-10-19 20:48:12.501595	2025-10-19 20:48:12.501595
79a0c94f-470d-4c6b-84eb-2518f4363efb	9a635708-afad-4937-bd1c-ffac26e57c3c	85eafce8-62b6-4108-b8d2-aab0b4d96959	650	eeee61f6-8a03-4e79-a811-122bf4602b9a	2025-10-19 20:48:12.501595	2025-10-19 20:48:12.501595
dae85013-5e39-49c3-9502-194ec1cfb760	7b4cea6e-4015-48e1-99e5-6d88717a33ba	8423bbb8-792e-421b-9044-fd7260082c96	600	ddb11102-0cba-4d2e-a81a-13392462dda1	2025-10-19 18:13:44.729821	2025-10-19 18:13:44.729821
ec3cccd7-35db-4821-86f4-3400e0984c72	7b4cea6e-4015-48e1-99e5-6d88717a33ba	8423bbb8-792e-421b-9044-fd7260082c96	650	ddb11102-0cba-4d2e-a81a-13392462dda1	2025-10-19 18:13:44.729821	2025-10-19 18:13:44.729821
3c88866c-b71f-44f0-a687-826620474ac4	7b4cea6e-4015-48e1-99e5-6d88717a33ba	8423bbb8-792e-421b-9044-fd7260082c96	2000	ddb11102-0cba-4d2e-a81a-13392462dda1	2025-10-19 18:13:44.729821	2025-10-19 18:13:44.729821
77b77320-39b4-46cc-9125-be59ba17881d	7b4cea6e-4015-48e1-99e5-6d88717a33ba	8423bbb8-792e-421b-9044-fd7260082c96	2600	ddb11102-0cba-4d2e-a81a-13392462dda1	2025-10-19 18:13:44.729821	2025-10-19 18:13:44.729821
98a33f4f-cd1f-44df-aa35-976c95a6e7e7	7b4cea6e-4015-48e1-99e5-6d88717a33ba	8423bbb8-792e-421b-9044-fd7260082c96	2200	ddb11102-0cba-4d2e-a81a-13392462dda1	2025-10-19 18:13:44.729821	2025-10-19 18:13:44.729821
b97700e2-a349-4004-9429-94692a300fcd	7b4cea6e-4015-48e1-99e5-6d88717a33ba	8423bbb8-792e-421b-9044-fd7260082c96	2400	ddb11102-0cba-4d2e-a81a-13392462dda1	2025-10-19 18:13:44.729821	2025-10-19 18:13:44.729821
ea2d7b1c-a081-4ab0-974c-01e1a5e2d921	74558ba8-9824-4659-9308-7622a9330649	76b99e9c-8714-4b2a-a47b-fa2b6bca6736	200	136f312e-942e-4af9-b029-f8c283e441a6	2025-10-19 18:15:51.535408	2025-10-19 18:15:51.535408
3251089d-f573-4622-9259-59813de7dcfd	74558ba8-9824-4659-9308-7622a9330649	76b99e9c-8714-4b2a-a47b-fa2b6bca6736	250	136f312e-942e-4af9-b029-f8c283e441a6	2025-10-19 18:15:51.535408	2025-10-19 18:15:51.535408
2fc60236-c85f-4e3b-ad79-0141e69e7808	74558ba8-9824-4659-9308-7622a9330649	76b99e9c-8714-4b2a-a47b-fa2b6bca6736	300	136f312e-942e-4af9-b029-f8c283e441a6	2025-10-19 18:15:51.535408	2025-10-19 18:15:51.535408
b7541f7b-4495-4c01-b9fc-2c6f3b1128e7	74558ba8-9824-4659-9308-7622a9330649	76b99e9c-8714-4b2a-a47b-fa2b6bca6736	350	136f312e-942e-4af9-b029-f8c283e441a6	2025-10-19 18:15:51.535408	2025-10-19 18:15:51.535408
c168262b-04f1-451f-adaa-cf7149a5ff8b	74558ba8-9824-4659-9308-7622a9330649	76b99e9c-8714-4b2a-a47b-fa2b6bca6736	400	136f312e-942e-4af9-b029-f8c283e441a6	2025-10-19 18:15:51.535408	2025-10-19 18:15:51.535408
0417b963-44da-4f86-a73e-196230afaaf4	74558ba8-9824-4659-9308-7622a9330649	76b99e9c-8714-4b2a-a47b-fa2b6bca6736	450	136f312e-942e-4af9-b029-f8c283e441a6	2025-10-19 18:15:51.535408	2025-10-19 18:15:51.535408
a96be03c-316a-4299-ae96-378c0c82f0bd	74558ba8-9824-4659-9308-7622a9330649	76b99e9c-8714-4b2a-a47b-fa2b6bca6736	500	136f312e-942e-4af9-b029-f8c283e441a6	2025-10-19 18:15:51.535408	2025-10-19 18:15:51.535408
82d42dbf-ce5c-4489-86eb-3d7f07535a08	74558ba8-9824-4659-9308-7622a9330649	76b99e9c-8714-4b2a-a47b-fa2b6bca6736	550	136f312e-942e-4af9-b029-f8c283e441a6	2025-10-19 18:15:51.535408	2025-10-19 18:15:51.535408
ade0a09e-69ef-4b98-8e0a-6e989521949a	74558ba8-9824-4659-9308-7622a9330649	76b99e9c-8714-4b2a-a47b-fa2b6bca6736	600	136f312e-942e-4af9-b029-f8c283e441a6	2025-10-19 18:15:51.535408	2025-10-19 18:15:51.535408
6b7414f5-30e4-416a-a0ef-eb8597bb68b9	74558ba8-9824-4659-9308-7622a9330649	76b99e9c-8714-4b2a-a47b-fa2b6bca6736	650	136f312e-942e-4af9-b029-f8c283e441a6	2025-10-19 18:15:51.535408	2025-10-19 18:15:51.535408
73f656a4-6b27-4bd4-a3b6-fecef0c76383	7b4cea6e-4015-48e1-99e5-6d88717a33ba	8423bbb8-792e-421b-9044-fd7260082c96	2200	ddb11102-0cba-4d2e-a81a-13392462dda1	2025-10-19 18:13:44.729821	2025-10-19 18:13:44.729821
b9b91d58-4a34-4f9a-ba1a-0acdd00665b8	7b4cea6e-4015-48e1-99e5-6d88717a33ba	8423bbb8-792e-421b-9044-fd7260082c96	2000	ddb11102-0cba-4d2e-a81a-13392462dda1	2025-10-19 18:13:44.729821	2025-10-19 18:13:44.729821
be559f45-34da-4c3f-8f4b-34640f4e8e4d	b006f796-e291-4f0d-b080-d0f7d32744bd	8065f18c-46ce-4dcd-abaa-dad97e1b9998	2400	0b8bb96c-86e0-473e-8422-d9bd5363d769	2025-10-19 20:38:51.744225	2025-10-19 20:38:51.744225
d814c458-fb60-45a1-832e-db8115e195e7	b006f796-e291-4f0d-b080-d0f7d32744bd	8065f18c-46ce-4dcd-abaa-dad97e1b9998	2600	0b8bb96c-86e0-473e-8422-d9bd5363d769	2025-10-19 20:38:51.744225	2025-10-19 20:38:51.744225
\.


--
-- TOC entry 3519 (class 0 OID 17445)
-- Dependencies: 223
-- Data for Name: staff; Type: TABLE DATA; Schema: public; Owner: postgres
--

COPY public.staff (id, name, country, city, address, email, passport, phone, salary, created, updated) FROM stdin;
81942553-65dc-4295-be44-eb11b1ae09ad	Updated_Staff_1	UA	Kyiv	Rent Office 1	rentstaff1760895531@t.com	RS1760895531	+38050123432	5000	2025-10-19 20:38:51.690587	2025-10-19 20:38:51.690587
a22239e1-e6c3-4d7a-8f22-601ce33a00b6	Updated_Staff_3	UA	Kyiv	Office 1	staff1_1760895531@test.com	ST1760895531	+3805012341760895531	6000	2025-10-19 20:38:51.79845	2025-10-19 20:38:51.79845
54527743-11e9-41b9-8587-c635d49035a4	RentStaff	Russia	Moscow	Rent Office 1	rentstaff1760895985@t.com	RS1760895985	+79050123486	1500	2025-10-19 20:46:25.846906	2025-10-19 20:46:25.846906
a62d1e52-5b4b-446a-b226-f39eedee5b40	ServiceStaff	Russia	Moscow	Service Office 1	servicestaff1760895985@t.com	SV1760895985	+79050123487	2000	2025-10-19 20:46:25.909889	2025-10-19 20:46:25.909889
b53ae55c-28c7-41f9-bfab-a9a5321738b5	Staff_1	Russia	Moscow	Office 1	staff1_1760895985@test.com	ST1760895985	+7905012341760895985	1000	2025-10-19 20:46:25.965764	2025-10-19 20:46:25.965764
3132b9d4-be45-46db-960c-702035cbb18f	Staff_2	Russia	Moscow	Office 2	staff2_1760895985@test.com	ST1760895986	+7905012341760895986	1100	2025-10-19 20:46:25.965764	2025-10-19 20:46:25.965764
e9e56d57-e8ce-4983-aef9-bedb95daea3d	Staff_3	Russia	Moscow	Office 3	staff3_1760895985@test.com	ST1760895987	+7905012341760895987	1200	2025-10-19 20:46:25.965764	2025-10-19 20:46:25.965764
832718ae-ab13-4fd7-b118-36f1bfc0376d	Staff_4	Russia	Moscow	Office 4	staff4_1760895985@test.com	ST1760895988	+7905012341760895988	1300	2025-10-19 20:46:25.965764	2025-10-19 20:46:25.965764
564cfcbc-7ec0-459d-a85b-287261fdabaf	Staff_5	Russia	Moscow	Office 5	staff5_1760895985@test.com	ST1760895989	+7905012341760895989	1400	2025-10-19 20:46:25.965764	2025-10-19 20:46:25.965764
c1adf83a-e7f1-47e4-99fe-9945913ec706	Staff_6	Russia	Moscow	Office 6	staff6_1760895985@test.com	ST1760895990	+7905012341760895990	1500	2025-10-19 20:46:25.965764	2025-10-19 20:46:25.965764
1d8200ca-da7d-4400-a153-2e096c0e1ac8	Staff_7	Russia	Moscow	Office 7	staff7_1760895985@test.com	ST1760895991	+7905012341760895991	1600	2025-10-19 20:46:25.965764	2025-10-19 20:46:25.965764
a33d1bbc-b974-451e-89a5-9b80ecf70ed5	Staff_8	Russia	Moscow	Office 8	staff8_1760895985@test.com	ST1760895992	+7905012341760895992	1700	2025-10-19 20:46:25.965764	2025-10-19 20:46:25.965764
4a66960d-f3d9-4819-b14d-910077963a2f	Staff_9	Russia	Moscow	Office 9	staff9_1760895985@test.com	ST1760895993	+7905012341760895993	1800	2025-10-19 20:46:25.965764	2025-10-19 20:46:25.965764
95dc2a63-02b1-49b7-9337-e4eb776b0f68	Staff_10	Russia	Moscow	Office 10	staff10_1760895985@test.com	ST1760895994	+7905012341760895994	1900	2025-10-19 20:46:25.965764	2025-10-19 20:46:25.965764
5956c55c-0281-42cb-aa93-00b6176db121	Staff_4	Russia	Moscow	Office 4	staff4_1760896092@test.com	ST1760896095	+7905012341760896095	1300	2025-10-19 20:48:12.558346	2025-10-19 20:48:12.558346
a26a4db4-7941-4614-a0c5-bc9ec62f948a	Staff_5	Russia	Moscow	Office 5	staff5_1760896092@test.com	ST1760896096	+7905012341760896096	1400	2025-10-19 20:48:12.558346	2025-10-19 20:48:12.558346
5382d5f3-1567-468a-b523-2eba02002b72	Staff_6	Russia	Moscow	Office 6	staff6_1760896092@test.com	ST1760896097	+7905012341760896097	1500	2025-10-19 20:48:12.558346	2025-10-19 20:48:12.558346
236a7506-0b4a-48d7-92f9-792323dbc1cc	Staff_7	Russia	Moscow	Office 7	staff7_1760896092@test.com	ST1760896098	+7905012341760896098	1600	2025-10-19 20:48:12.558346	2025-10-19 20:48:12.558346
327745c1-a675-468a-85d0-e6f866159b58	Staff_8	Russia	Moscow	Office 8	staff8_1760896092@test.com	ST1760896099	+7905012341760896099	1700	2025-10-19 20:48:12.558346	2025-10-19 20:48:12.558346
add37485-e7d7-4587-b912-d2290fd83f5e	Staff_9	Russia	Moscow	Office 9	staff9_1760896092@test.com	ST1760896100	+7905012341760896100	1800	2025-10-19 20:48:12.558346	2025-10-19 20:48:12.558346
a171b69d-5dae-4a91-8205-d5760cecfb78	Staff_10	Russia	Moscow	Office 10	staff10_1760896092@test.com	ST1760896101	+7905012341760896101	1900	2025-10-19 20:48:12.558346	2025-10-19 20:48:12.558346
8cd10cbf-c88e-41c8-ad22-57088ab7720a	Updated_Staff_3	Russia	Moscow	Rent Office 1	rentstaff1760896092@t.com	RS1760896092	+79050123493	6000	2025-10-19 20:48:12.440342	2025-10-19 20:48:12.440342
b8ceff5b-861b-465d-afd2-107ad17671d7	Updated_Staff_2	UA	Kyiv	Office 7	staff7_1760895531@test.com	ST1760895537	+3805012341760895537	5500	2025-10-19 20:38:51.79845	2025-10-19 20:38:51.79845
eeee61f6-8a03-4e79-a811-122bf4602b9a	Updated_Staff_4	Russia	Moscow	Service Office 1	servicestaff1760896092@t.com	SV1760896092	+79050123494	6500	2025-10-19 20:48:12.501595	2025-10-19 20:48:12.501595
38c109d0-377a-4a02-968d-69e7800431b9	RentStaff	Russia	Moscow	Rent Office 1	rentstaff1760897624@t.com	RS1760897624	+79050123425	1500	2025-10-19 18:13:44.669665	2025-10-19 18:13:44.669665
ddb11102-0cba-4d2e-a81a-13392462dda1	ServiceStaff	Russia	Moscow	Service Office 1	servicestaff1760897624@t.com	SV1760897624	+79050123426	2000	2025-10-19 18:13:44.729821	2025-10-19 18:13:44.729821
a21172f4-bd37-4941-bd1c-25e3b8746f19	Staff_1	Russia	Moscow	Office 1	staff1_1760897624@test.com	ST1760897624	+7905012341760897624	1000	2025-10-19 18:13:44.776452	2025-10-19 18:13:44.776452
89d70665-d7f6-4d27-91d8-9bca9d572a95	Staff_2	Russia	Moscow	Office 2	staff2_1760897624@test.com	ST1760897625	+7905012341760897625	1100	2025-10-19 18:13:44.776452	2025-10-19 18:13:44.776452
b73033dd-42bd-417a-8e10-8548cea4e0cc	Staff_3	Russia	Moscow	Office 3	staff3_1760897624@test.com	ST1760897626	+7905012341760897626	1200	2025-10-19 18:13:44.776452	2025-10-19 18:13:44.776452
184ce735-0e9f-41e4-b47f-058b3f11a303	Staff_4	Russia	Moscow	Office 4	staff4_1760897624@test.com	ST1760897627	+7905012341760897627	1300	2025-10-19 18:13:44.776452	2025-10-19 18:13:44.776452
34751ab5-a53e-4df6-8ce4-9f754db181af	Staff_5	Russia	Moscow	Office 5	staff5_1760897624@test.com	ST1760897628	+7905012341760897628	1400	2025-10-19 18:13:44.776452	2025-10-19 18:13:44.776452
0b8bb96c-86e0-473e-8422-d9bd5363d769	Updated_Staff_3	UA	Kyiv	Service Office 1	servicestaff1760895531@t.com	SV1760895531	+38050123433	6000	2025-10-19 20:38:51.744225	2025-10-19 20:38:51.744225
a7a31373-0aa6-4f7b-a855-099a7c7b8783	Updated_Staff_2	UA	Kyiv	Office 10	staff10_1760895531@test.com	ST1760895540	+3805012341760895540	5500	2025-10-19 20:38:51.79845	2025-10-19 20:38:51.79845
dc65963f-2156-4863-8687-c7cb10f7b087	Staff_6	Russia	Moscow	Office 6	staff6_1760897624@test.com	ST1760897629	+7905012341760897629	1500	2025-10-19 18:13:44.776452	2025-10-19 18:13:44.776452
08d20d73-c6e9-4716-b79e-5b424d7d6694	Staff_7	Russia	Moscow	Office 7	staff7_1760897624@test.com	ST1760897630	+7905012341760897630	1600	2025-10-19 18:13:44.776452	2025-10-19 18:13:44.776452
7130527c-e88d-4890-abd3-7ef5823ccc1a	Staff_8	Russia	Moscow	Office 8	staff8_1760897624@test.com	ST1760897631	+7905012341760897631	1700	2025-10-19 18:13:44.776452	2025-10-19 18:13:44.776452
648541b5-4092-4257-ac0c-fc30787a7772	Staff_9	Russia	Moscow	Office 9	staff9_1760897624@test.com	ST1760897632	+7905012341760897632	1800	2025-10-19 18:13:44.776452	2025-10-19 18:13:44.776452
186cc196-8ecd-4b9a-9993-f675361465f3	Staff_10	Russia	Moscow	Office 10	staff10_1760897624@test.com	ST1760897633	+7905012341760897633	1900	2025-10-19 18:13:44.776452	2025-10-19 18:13:44.776452
b948d157-16a0-4ab4-9d29-def1b952da58	RentStaff	Russia	Moscow	Rent Office 1	rentstaff1760897751@t.com	RS1760897751	+79050123452	1500	2025-10-19 18:15:51.483623	2025-10-19 18:15:51.483623
136f312e-942e-4af9-b029-f8c283e441a6	ServiceStaff	Russia	Moscow	Service Office 1	servicestaff1760897751@t.com	SV1760897751	+79050123453	2000	2025-10-19 18:15:51.535408	2025-10-19 18:15:51.535408
181b4009-28f8-4d64-81e0-49298797c977	Staff_1	Russia	Moscow	Office 1	staff1_1760897751@test.com	ST1760897751	+7905012341760897751	1000	2025-10-19 18:15:51.577212	2025-10-19 18:15:51.577212
4abaad5f-8b78-4b80-b757-94c6e1c5791e	Staff_2	Russia	Moscow	Office 2	staff2_1760897751@test.com	ST1760897752	+7905012341760897752	1100	2025-10-19 18:15:51.577212	2025-10-19 18:15:51.577212
c2e03759-7686-46dd-aa8b-6cc32bd16b9b	Staff_3	Russia	Moscow	Office 3	staff3_1760897751@test.com	ST1760897753	+7905012341760897753	1200	2025-10-19 18:15:51.577212	2025-10-19 18:15:51.577212
5445a2d1-260d-40f6-aad9-a5dc15d27f6a	Staff_4	Russia	Moscow	Office 4	staff4_1760897751@test.com	ST1760897754	+7905012341760897754	1300	2025-10-19 18:15:51.577212	2025-10-19 18:15:51.577212
40075420-5daa-4e8a-b7c5-1110cca8124f	Staff_5	Russia	Moscow	Office 5	staff5_1760897751@test.com	ST1760897755	+7905012341760897755	1400	2025-10-19 18:15:51.577212	2025-10-19 18:15:51.577212
390a3755-6628-44d6-a65b-d4ff9f1a89e9	Staff_6	Russia	Moscow	Office 6	staff6_1760897751@test.com	ST1760897756	+7905012341760897756	1500	2025-10-19 18:15:51.577212	2025-10-19 18:15:51.577212
55578f3a-dc98-4723-98ba-18bf332e6842	Staff_7	Russia	Moscow	Office 7	staff7_1760897751@test.com	ST1760897757	+7905012341760897757	1600	2025-10-19 18:15:51.577212	2025-10-19 18:15:51.577212
ae784de0-26cf-4bba-80e1-4339ed0dc688	Staff_8	Russia	Moscow	Office 8	staff8_1760897751@test.com	ST1760897758	+7905012341760897758	1700	2025-10-19 18:15:51.577212	2025-10-19 18:15:51.577212
8c1f135d-7e53-44ac-9361-5266acaeef2a	Staff_9	Russia	Moscow	Office 9	staff9_1760897751@test.com	ST1760897759	+7905012341760897759	1800	2025-10-19 18:15:51.577212	2025-10-19 18:15:51.577212
fe4a5ec3-5ee9-4984-980c-e04236c7bd3e	Staff_10	Russia	Moscow	Office 10	staff10_1760897751@test.com	ST1760897760	+7905012341760897760	1900	2025-10-19 18:15:51.577212	2025-10-19 18:15:51.577212
\.


--
-- TOC entry 3326 (class 2606 OID 17354)
-- Name: alembic_version alembic_version_pkc; Type: CONSTRAINT; Schema: public; Owner: postgres
--

ALTER TABLE ONLY public.alembic_version
    ADD CONSTRAINT alembic_version_pkc PRIMARY KEY (version_num);


--
-- TOC entry 3328 (class 2606 OID 17388)
-- Name: bicycle bicycle_pkey; Type: CONSTRAINT; Schema: public; Owner: postgres
--

ALTER TABLE ONLY public.bicycle
    ADD CONSTRAINT bicycle_pkey PRIMARY KEY (id);


--
-- TOC entry 3331 (class 2606 OID 17405)
-- Name: client client_email_key; Type: CONSTRAINT; Schema: public; Owner: postgres
--

ALTER TABLE ONLY public.client
    ADD CONSTRAINT client_email_key UNIQUE (email);


--
-- TOC entry 3333 (class 2606 OID 17407)
-- Name: client client_passport_key; Type: CONSTRAINT; Schema: public; Owner: postgres
--

ALTER TABLE ONLY public.client
    ADD CONSTRAINT client_passport_key UNIQUE (passport);


--
-- TOC entry 3335 (class 2606 OID 17409)
-- Name: client client_phone_key; Type: CONSTRAINT; Schema: public; Owner: postgres
--

ALTER TABLE ONLY public.client
    ADD CONSTRAINT client_phone_key UNIQUE (phone);


--
-- TOC entry 3337 (class 2606 OID 17403)
-- Name: client client_pkey; Type: CONSTRAINT; Schema: public; Owner: postgres
--

ALTER TABLE ONLY public.client
    ADD CONSTRAINT client_pkey PRIMARY KEY (id);


--
-- TOC entry 3352 (class 2606 OID 17474)
-- Name: detail_for_bicycle detail_for_bicycle_pkey; Type: CONSTRAINT; Schema: public; Owner: postgres
--

ALTER TABLE ONLY public.detail_for_bicycle
    ADD CONSTRAINT detail_for_bicycle_pkey PRIMARY KEY (id);


--
-- TOC entry 3340 (class 2606 OID 17443)
-- Name: detail detail_pkey; Type: CONSTRAINT; Schema: public; Owner: postgres
--

ALTER TABLE ONLY public.detail
    ADD CONSTRAINT detail_pkey PRIMARY KEY (id);


--
-- TOC entry 3356 (class 2606 OID 17498)
-- Name: rent_book rent_book_pkey; Type: CONSTRAINT; Schema: public; Owner: postgres
--

ALTER TABLE ONLY public.rent_book
    ADD CONSTRAINT rent_book_pkey PRIMARY KEY (id);


--
-- TOC entry 3359 (class 2606 OID 17526)
-- Name: service_book service_book_pkey; Type: CONSTRAINT; Schema: public; Owner: postgres
--

ALTER TABLE ONLY public.service_book
    ADD CONSTRAINT service_book_pkey PRIMARY KEY (id);


--
-- TOC entry 3344 (class 2606 OID 17461)
-- Name: staff staff_email_key; Type: CONSTRAINT; Schema: public; Owner: postgres
--

ALTER TABLE ONLY public.staff
    ADD CONSTRAINT staff_email_key UNIQUE (email);


--
-- TOC entry 3346 (class 2606 OID 17463)
-- Name: staff staff_passport_key; Type: CONSTRAINT; Schema: public; Owner: postgres
--

ALTER TABLE ONLY public.staff
    ADD CONSTRAINT staff_passport_key UNIQUE (passport);


--
-- TOC entry 3348 (class 2606 OID 17465)
-- Name: staff staff_phone_key; Type: CONSTRAINT; Schema: public; Owner: postgres
--

ALTER TABLE ONLY public.staff
    ADD CONSTRAINT staff_phone_key UNIQUE (phone);


--
-- TOC entry 3350 (class 2606 OID 17459)
-- Name: staff staff_pkey; Type: CONSTRAINT; Schema: public; Owner: postgres
--

ALTER TABLE ONLY public.staff
    ADD CONSTRAINT staff_pkey PRIMARY KEY (id);


--
-- TOC entry 3329 (class 1259 OID 17389)
-- Name: ix_bicycle_id; Type: INDEX; Schema: public; Owner: postgres
--

CREATE INDEX ix_bicycle_id ON public.bicycle USING btree (id);


--
-- TOC entry 3338 (class 1259 OID 17410)
-- Name: ix_client_id; Type: INDEX; Schema: public; Owner: postgres
--

CREATE INDEX ix_client_id ON public.client USING btree (id);


--
-- TOC entry 3353 (class 1259 OID 17485)
-- Name: ix_detail_for_bicycle_id; Type: INDEX; Schema: public; Owner: postgres
--

CREATE INDEX ix_detail_for_bicycle_id ON public.detail_for_bicycle USING btree (id);


--
-- TOC entry 3341 (class 1259 OID 17444)
-- Name: ix_detail_id; Type: INDEX; Schema: public; Owner: postgres
--

CREATE INDEX ix_detail_id ON public.detail USING btree (id);


--
-- TOC entry 3354 (class 1259 OID 17514)
-- Name: ix_rent_book_id; Type: INDEX; Schema: public; Owner: postgres
--

CREATE INDEX ix_rent_book_id ON public.rent_book USING btree (id);


--
-- TOC entry 3357 (class 1259 OID 17542)
-- Name: ix_service_book_id; Type: INDEX; Schema: public; Owner: postgres
--

CREATE INDEX ix_service_book_id ON public.service_book USING btree (id);


--
-- TOC entry 3342 (class 1259 OID 17466)
-- Name: ix_staff_id; Type: INDEX; Schema: public; Owner: postgres
--

CREATE INDEX ix_staff_id ON public.staff USING btree (id);


--
-- TOC entry 3360 (class 2606 OID 17543)
-- Name: detail_for_bicycle detail_for_bicycle_bicycle_id_fkey; Type: FK CONSTRAINT; Schema: public; Owner: postgres
--

ALTER TABLE ONLY public.detail_for_bicycle
    ADD CONSTRAINT detail_for_bicycle_bicycle_id_fkey FOREIGN KEY (bicycle_id) REFERENCES public.bicycle(id) ON DELETE CASCADE;


--
-- TOC entry 3361 (class 2606 OID 17548)
-- Name: detail_for_bicycle detail_for_bicycle_detail_id_fkey; Type: FK CONSTRAINT; Schema: public; Owner: postgres
--

ALTER TABLE ONLY public.detail_for_bicycle
    ADD CONSTRAINT detail_for_bicycle_detail_id_fkey FOREIGN KEY (detail_id) REFERENCES public.detail(id) ON DELETE CASCADE;


--
-- TOC entry 3362 (class 2606 OID 17558)
-- Name: rent_book rent_book_bicycle_id_fkey; Type: FK CONSTRAINT; Schema: public; Owner: postgres
--

ALTER TABLE ONLY public.rent_book
    ADD CONSTRAINT rent_book_bicycle_id_fkey FOREIGN KEY (bicycle_id) REFERENCES public.bicycle(id) ON DELETE CASCADE;


--
-- TOC entry 3363 (class 2606 OID 17563)
-- Name: rent_book rent_book_client_id_fkey; Type: FK CONSTRAINT; Schema: public; Owner: postgres
--

ALTER TABLE ONLY public.rent_book
    ADD CONSTRAINT rent_book_client_id_fkey FOREIGN KEY (client_id) REFERENCES public.client(id) ON DELETE CASCADE;


--
-- TOC entry 3364 (class 2606 OID 17553)
-- Name: rent_book rent_book_staff_id_fkey; Type: FK CONSTRAINT; Schema: public; Owner: postgres
--

ALTER TABLE ONLY public.rent_book
    ADD CONSTRAINT rent_book_staff_id_fkey FOREIGN KEY (staff_id) REFERENCES public.staff(id) ON DELETE CASCADE;


--
-- TOC entry 3365 (class 2606 OID 17578)
-- Name: service_book service_book_bicycle_id_fkey; Type: FK CONSTRAINT; Schema: public; Owner: postgres
--

ALTER TABLE ONLY public.service_book
    ADD CONSTRAINT service_book_bicycle_id_fkey FOREIGN KEY (bicycle_id) REFERENCES public.bicycle(id) ON DELETE CASCADE;


--
-- TOC entry 3366 (class 2606 OID 17568)
-- Name: service_book service_book_detail_id_fkey; Type: FK CONSTRAINT; Schema: public; Owner: postgres
--

ALTER TABLE ONLY public.service_book
    ADD CONSTRAINT service_book_detail_id_fkey FOREIGN KEY (detail_id) REFERENCES public.detail(id) ON DELETE CASCADE;


--
-- TOC entry 3367 (class 2606 OID 17573)
-- Name: service_book service_book_staff_id_fkey; Type: FK CONSTRAINT; Schema: public; Owner: postgres
--

ALTER TABLE ONLY public.service_book
    ADD CONSTRAINT service_book_staff_id_fkey FOREIGN KEY (staff_id) REFERENCES public.staff(id) ON DELETE CASCADE;


-- Completed on 2025-10-19 18:25:37 UTC

--
-- PostgreSQL database dump complete
--

\unrestrict wNLhFnwOoIyHvJwNIxs3gY7f7ftnlavwNjHzg7xAf6cMqAqGB3qcr8g1dVDdJkg

